booking_id,hotel_id,hotel_city,customer_id,customer_name,customer_email,check_in_date,check_out_date,room_type,num_guests,total_amount,currency,booking_status
BKG50001,H101,Chennai,C5507,Isha Patil,isha.patil41@example.com,2026-10-29,2026-10-31,Single,5,4648,INR,Confirmed
BKG50002,H107,Hyderabad,C4812,Aarav Patil,aarav.patil74@example.com,2026-12-17,2026-12-18,Double,5,15546,INR,Completed
BKG50003,H101,Jaipur,C3616,Sneha Kulkarni,sneha.kulkarni99@example.com,2026-11-24,2026-11-27,Deluxe,2,8855,INR,Confirmed
BKG50004,H104,Mumbai,C6882,Vivaan Pawar,vivaan.pawar54@example.com,2026-12-17,2026-12-20,Single,4,19371,INR,Completed
BKG50005,H110,Hyderabad,C6926,Vivaan Jadhav,vivaan.jadhav83@example.com,2026-10-25,2026-10-31,Single,1,23468,INR,Pending
BKG50006,H104,Jaipur,C7228,Vivaan Joshi,vivaan.joshi45@example.com,2026-11-28,2026-12-04,Deluxe,2,13930,INR,Cancelled
BKG50007,H103,Hyderabad,C3804,Isha Kulkarni,isha.kulkarni78@example.com,2026-11-01,2026-11-03,Suite,4,10645,INR,Pending
BKG50008,H102,Hyderabad,C6169,Aarav Joshi,aarav.joshi61@example.com,2026-11-04,2026-11-05,Double,5,12111,INR,Completed
BKG50009,H105,Chennai,C5340,Neha More,neha.more27@example.com,2026-11-01,2026-11-07,Deluxe,5,15838,INR,Pending
BKG50010,H117,Bengaluru,C9086,Rohan Nagre,rohan.nagre21@example.com,2026-10-07,2026-10-14,Single,2,22360,INR,Completed
BKG50011,H113,Mumbai,C7253,Sneha Patil,sneha.patil86@example.com,2026-11-29,2026-12-04,Deluxe,5,2176,INR,Pending
BKG50012,H104,Bengaluru,C5809,Isha Deshmukh,isha.deshmukh65@example.com,2026-10-21,2026-10-25,Single,3,18203,INR,Confirmed
BKG50013,H117,Pune,C4259,Isha Kulkarni,isha.kulkarni29@example.com,2026-11-17,2026-11-24,Double,5,19178,INR,Pending
BKG50014,H104,Mumbai,C6948,Priya Sharma,priya.sharma49@example.com,2026-10-31,2026-11-01,Double,5,4380,INR,Completed
BKG50015,H105,Chennai,C3104,Vivaan Jadhav,vivaan.jadhav94@example.com,2026-11-30,2026-12-05,Double,3,19090,INR,Cancelled
BKG50016,H110,Mumbai,C7538,Ananya Joshi,ananya.joshi95@example.com,2026-12-23,2026-12-26,Suite,5,16594,INR,Cancelled
BKG50017,H111,Pune,C1345,Rohan Patil,rohan.patil85@example.com,2026-12-10,2026-12-12,Double,1,4126,INR,Cancelled
BKG50018,H111,Bengaluru,C2161,Vivaan Sharma,vivaan.sharma75@example.com,2026-10-31,2026-11-03,Suite,2,19469,INR,Completed
BKG50019,H114,Chennai,C4120,Rohan More,rohan.more22@example.com,2026-10-13,2026-10-19,Suite,3,15679,INR,Completed
BKG50020,H104,Hyderabad,C1994,Meera Sharma,meera.sharma61@example.com,2026-11-13,2026-11-20,Single,2,8078,INR,Completed
BKG50021,H106,Mumbai,C5564,Aditya Pawar,aditya.pawar69@example.com,2026-11-01,2026-11-08,Single,4,19833,INR,Confirmed
BKG50022,H101,Chennai,C2529,Isha Jadhav,isha.jadhav40@example.com,2026-10-22,2026-10-26,Suite,4,8804,INR,Confirmed
BKG50023,H101,Nashik,C7397,Aditya Pawar,aditya.pawar43@example.com,2026-11-28,2026-12-01,Suite,5,23488,INR,Cancelled
BKG50024,H107,Nashik,C1959,Rohan Kulkarni,rohan.kulkarni84@example.com,2026-12-09,2026-12-10,Deluxe,1,3443,INR,Cancelled
BKG50025,H103,Hyderabad,C4045,Aarav Jadhav,aarav.jadhav18@example.com,2026-12-16,2026-12-17,Double,4,5728,INR,Confirmed
BKG50026,H114,Chennai,C9566,Sneha Patil,sneha.patil50@example.com,2026-11-03,2026-11-05,Deluxe,2,10503,INR,Cancelled
BKG50027,H115,Hyderabad,C6181,Isha Kulkarni,isha.kulkarni19@example.com,2026-10-02,2026-10-06,Single,1,19417,INR,Pending
BKG50028,H103,Delhi,C5003,Aditya Deshmukh,aditya.deshmukh57@example.com,2026-11-06,2026-11-08,Suite,5,24853,INR,Confirmed
BKG50029,H110,Delhi,C2698,Isha Jadhav,isha.jadhav27@example.com,2026-11-03,2026-11-04,Single,5,6893,INR,Pending
BKG50030,H111,Delhi,C4336,Sneha Joshi,sneha.joshi97@example.com,2026-12-21,2026-12-28,Deluxe,5,17808,INR,Confirmed
BKG50031,H109,Nashik,C1723,Vivaan Pawar,vivaan.pawar10@example.com,2026-11-12,2026-11-19,Double,3,7094,INR,Completed
BKG50032,H104,Bengaluru,C2233,Ananya Sharma,ananya.sharma98@example.com,2026-10-20,2026-10-25,Single,3,20887,INR,Completed
BKG50033,H110,Chennai,C6975,Aditya Sharma,aditya.sharma15@example.com,2026-11-15,2026-11-17,Double,1,13389,INR,Cancelled
BKG50034,H106,Hyderabad,C7756,Rohan Nagre,rohan.nagre13@example.com,2026-10-23,2026-10-29,Deluxe,4,23751,INR,Pending
BKG50035,H113,Hyderabad,C1635,Aditya Patil,aditya.patil70@example.com,2026-10-29,2026-10-31,Suite,3,11800,INR,Cancelled
BKG50036,H113,Chennai,C6379,Aarav Joshi,aarav.joshi45@example.com,2026-10-09,2026-10-16,Deluxe,3,22820,INR,Pending
BKG50037,H109,Jaipur,C3926,Aarav Patil,aarav.patil84@example.com,2026-11-03,2026-11-04,Single,5,16039,INR,Pending
BKG50038,H117,Pune,C2895,Neha Kale,neha.kale59@example.com,2026-12-13,2026-12-15,Deluxe,1,16088,INR,Cancelled
BKG50039,H103,Delhi,C6410,Arjun Pawar,arjun.pawar89@example.com,2026-11-10,2026-11-16,Single,3,18417,INR,Completed
BKG50040,H110,Delhi,C3086,Arjun Pawar,arjun.pawar34@example.com,2026-11-23,2026-11-29,Suite,2,21969,INR,Completed
BKG50041,H110,Nashik,C5701,Ananya Sharma,ananya.sharma36@example.com,2026-11-25,2026-12-02,Deluxe,4,16276,INR,Cancelled
BKG50042,H106,Delhi,C2390,Ananya More,ananya.more46@example.com,2026-12-05,2026-12-11,Deluxe,1,9496,INR,Cancelled
BKG50043,H101,Hyderabad,C1758,Rohan Nagre,rohan.nagre41@example.com,2026-11-30,2026-12-05,Single,4,15380,INR,Completed
BKG50044,H108,Bengaluru,C3418,Priya Pawar,priya.pawar93@example.com,2026-12-28,2026-12-29,Single,4,8970,INR,Completed
BKG50045,H108,Jaipur,C2989,Aarav Jadhav,aarav.jadhav68@example.com,2026-10-18,2026-10-25,Suite,5,20114,INR,Completed
BKG50046,H114,Hyderabad,C9977,Sneha Jadhav,sneha.jadhav67@example.com,2026-10-21,2026-10-27,Suite,4,10293,INR,Pending
BKG50047,H108,Jaipur,C5500,Ananya More,ananya.more66@example.com,2026-10-10,2026-10-16,Deluxe,2,10703,INR,Pending
BKG50048,H105,Chennai,C3472,Ananya Patil,ananya.patil39@example.com,2026-11-19,2026-11-25,Double,2,3904,INR,Completed
BKG50049,H115,Pune,C7813,Arjun Jadhav,arjun.jadhav17@example.com,2026-10-27,2026-11-03,Suite,4,20939,INR,Completed
BKG50050,H112,Delhi,C5893,Priya Sharma,priya.sharma59@example.com,2026-11-23,2026-11-28,Double,4,8990,INR,Completed
BKG50051,H113,Bengaluru,C6508,Priya Sharma,priya.sharma95@example.com,2026-12-26,2027-01-02,Suite,2,17115,INR,Confirmed
BKG50052,H119,Pune,C1445,Neha Kale,neha.kale20@example.com,2026-12-22,2026-12-26,Double,4,7754,INR,Pending
BKG50053,H107,Delhi,C8450,Neha Deshmukh,neha.deshmukh51@example.com,2026-11-13,2026-11-20,Suite,3,15613,INR,Confirmed
BKG50054,H118,Hyderabad,C1854,Priya Sharma,priya.sharma54@example.com,2026-10-29,2026-11-04,Single,1,2816,INR,Cancelled
BKG50055,H105,Nashik,C4909,Aarav Kale,aarav.kale26@example.com,2026-11-30,2026-12-06,Single,5,8942,INR,Pending
BKG50056,H120,Chennai,C2877,Arjun Nagre,arjun.nagre30@example.com,2026-11-09,2026-11-10,Single,3,20667,INR,Completed
BKG50057,H103,Pune,C4979,Meera Joshi,meera.joshi23@example.com,2026-12-29,2027-01-05,Deluxe,5,5766,INR,Pending
BKG50058,H112,Mumbai,C2130,Ananya Pawar,ananya.pawar74@example.com,2026-12-22,2026-12-25,Single,4,17862,INR,Completed
BKG50059,H105,Nashik,C8136,Arjun More,arjun.more32@example.com,2026-12-06,2026-12-12,Deluxe,5,19434,INR,Completed
BKG50060,H109,Chennai,C6281,Neha Kale,neha.kale41@example.com,2026-10-12,2026-10-15,Suite,2,17027,INR,Pending
BKG50061,H111,Delhi,C3980,Aarav More,aarav.more72@example.com,2026-10-28,2026-10-31,Deluxe,3,10963,INR,Confirmed
BKG50062,H103,Nashik,C4955,Ananya Joshi,ananya.joshi62@example.com,2026-12-02,2026-12-07,Double,4,22964,INR,Completed
BKG50063,H110,Nashik,C4631,Aarav Patil,aarav.patil61@example.com,2026-12-28,2026-12-30,Deluxe,5,13892,INR,Pending
BKG50064,H111,Mumbai,C6765,Neha Jadhav,neha.jadhav99@example.com,2026-11-28,2026-12-01,Deluxe,3,9354,INR,Cancelled
BKG50065,H118,Delhi,C4034,Arjun Patil,arjun.patil34@example.com,2026-10-28,2026-11-03,Suite,3,21119,INR,Confirmed
BKG50066,H108,Pune,C6913,Rohan Kulkarni,rohan.kulkarni32@example.com,2026-11-08,2026-11-09,Double,3,3291,INR,Pending
BKG50067,H116,Jaipur,C2681,Meera Nagre,meera.nagre11@example.com,2026-12-13,2026-12-16,Suite,4,16233,INR,Cancelled
BKG50068,H116,Pune,C2870,Aarav Kulkarni,aarav.kulkarni18@example.com,2026-11-21,2026-11-25,Single,5,22425,INR,Cancelled
BKG50069,H110,Hyderabad,C2396,Aditya Kale,aditya.kale41@example.com,2026-10-16,2026-10-21,Suite,5,21333,INR,Completed
BKG50070,H110,Hyderabad,C8026,Priya More,priya.more49@example.com,2026-12-12,2026-12-17,Single,5,5051,INR,Cancelled
BKG50071,H106,Nashik,C4930,Karan Patil,karan.patil32@example.com,2026-12-10,2026-12-11,Double,1,15186,INR,Completed
BKG50072,H108,Hyderabad,C5721,Karan Sharma,karan.sharma46@example.com,2026-12-29,2027-01-05,Suite,1,24324,INR,Pending
BKG50073,H107,Mumbai,C7966,Isha Kale,isha.kale24@example.com,2026-12-09,2026-12-11,Double,3,6460,INR,Confirmed
BKG50074,H120,Nashik,C5729,Aditya Kulkarni,aditya.kulkarni66@example.com,2026-10-16,2026-10-20,Deluxe,4,10720,INR,Completed
BKG50075,H102,Pune,C8079,Vivaan Kale,vivaan.kale51@example.com,2026-12-17,2026-12-20,Single,1,9301,INR,Pending
BKG50076,H106,Chennai,C8709,Sneha Sharma,sneha.sharma76@example.com,2026-12-23,2026-12-27,Deluxe,2,20980,INR,Completed
BKG50077,H112,Chennai,C7691,Vivaan More,vivaan.more52@example.com,2026-11-11,2026-11-17,Single,2,12607,INR,Completed
BKG50078,H118,Chennai,C1602,Karan Pawar,karan.pawar68@example.com,2026-10-12,2026-10-15,Deluxe,3,5598,INR,Confirmed
BKG50079,H115,Nashik,C7771,Isha Jadhav,isha.jadhav16@example.com,2026-10-25,2026-10-30,Deluxe,5,18134,INR,Confirmed
BKG50080,H118,Hyderabad,C3147,Rohan Kulkarni,rohan.kulkarni46@example.com,2026-11-26,2026-12-02,Suite,1,2745,INR,Cancelled
BKG50081,H101,Bengaluru,C7685,Karan Jadhav,karan.jadhav21@example.com,2026-10-29,2026-11-05,Single,4,5649,INR,Completed
BKG50082,H117,Bengaluru,C5480,Meera Kulkarni,meera.kulkarni63@example.com,2026-12-01,2026-12-05,Double,4,19863,INR,Completed
BKG50083,H117,Delhi,C3237,Rohan Kale,rohan.kale18@example.com,2026-11-05,2026-11-12,Suite,3,18437,INR,Confirmed
BKG50084,H119,Chennai,C9023,Karan Kulkarni,karan.kulkarni29@example.com,2026-11-27,2026-12-02,Suite,3,12693,INR,Completed
BKG50085,H108,Chennai,C7275,Arjun Joshi,arjun.joshi39@example.com,2026-11-22,2026-11-23,Deluxe,4,24908,INR,Completed
BKG50086,H116,Mumbai,C1607,Isha Nagre,isha.nagre26@example.com,2026-12-04,2026-12-09,Deluxe,1,16227,INR,Completed
BKG50087,H114,Chennai,C3530,Aarav Nagre,aarav.nagre19@example.com,2026-11-30,2026-12-07,Deluxe,3,22222,INR,Confirmed
BKG50088,H113,Hyderabad,C6189,Arjun Jadhav,arjun.jadhav90@example.com,2026-12-02,2026-12-09,Single,5,4042,INR,Pending
BKG50089,H114,Delhi,C2613,Rohan Patil,rohan.patil91@example.com,2026-12-30,2027-01-06,Single,4,7251,INR,Confirmed
BKG50090,H102,Chennai,C5807,Aarav Deshmukh,aarav.deshmukh55@example.com,2026-11-17,2026-11-21,Double,2,19205,INR,Cancelled
BKG50091,H103,Hyderabad,C7268,Aditya Nagre,aditya.nagre89@example.com,2026-12-27,2026-12-29,Suite,5,6489,INR,Completed
BKG50092,H115,Bengaluru,C5184,Isha Kulkarni,isha.kulkarni95@example.com,2026-10-02,2026-10-09,Suite,3,24003,INR,Confirmed
BKG50093,H119,Hyderabad,C5902,Priya Deshmukh,priya.deshmukh91@example.com,2026-11-24,2026-11-30,Deluxe,4,11699,INR,Completed
BKG50094,H108,Chennai,C7249,Priya Patil,priya.patil83@example.com,2026-11-15,2026-11-20,Deluxe,3,2518,INR,Pending
BKG50095,H102,Hyderabad,C9139,Aarav Kale,aarav.kale46@example.com,2026-10-30,2026-11-04,Deluxe,2,22660,INR,Pending
BKG50096,H104,Delhi,C1646,Isha Nagre,isha.nagre49@example.com,2026-11-26,2026-11-27,Deluxe,2,4753,INR,Pending
BKG50097,H106,Nashik,C4290,Meera Pawar,meera.pawar26@example.com,2026-12-09,2026-12-12,Deluxe,2,10220,INR,Pending
BKG50098,H104,Jaipur,C8674,Meera Deshmukh,meera.deshmukh19@example.com,2026-10-19,2026-10-26,Double,4,20062,INR,Confirmed
BKG50099,H109,Jaipur,C9792,Neha Sharma,neha.sharma25@example.com,2026-11-28,2026-12-01,Deluxe,5,14285,INR,Confirmed
BKG50100,H116,Nashik,C1411,Isha Joshi,isha.joshi89@example.com,2026-12-11,2026-12-14,Double,1,22620,INR,Pending
BKG50101,H104,Hyderabad,C3291,Isha Pawar,isha.pawar15@example.com,2026-10-05,2026-10-08,Suite,1,4984,INR,Cancelled
BKG50102,H112,Mumbai,C9851,Neha More,neha.more63@example.com,2026-12-15,2026-12-21,Double,4,23260,INR,Completed
BKG50103,H109,Jaipur,C1537,Sneha Pawar,sneha.pawar98@example.com,2026-11-17,2026-11-19,Suite,4,9536,INR,Confirmed
BKG50104,H118,Mumbai,C6877,Isha Deshmukh,isha.deshmukh17@example.com,2026-11-20,2026-11-23,Double,1,16700,INR,Cancelled
BKG50105,H101,Hyderabad,C1829,Isha Kale,isha.kale52@example.com,2026-11-01,2026-11-03,Double,1,19960,INR,Cancelled
BKG50106,H105,Pune,C1047,Rohan Deshmukh,rohan.deshmukh45@example.com,2026-10-19,2026-10-21,Deluxe,2,5402,INR,Cancelled
BKG50107,H108,Mumbai,C6305,Aarav Deshmukh,aarav.deshmukh12@example.com,2026-10-23,2026-10-26,Single,2,15594,INR,Confirmed
BKG50108,H112,Delhi,C9409,Priya More,priya.more85@example.com,2026-10-14,2026-10-18,Double,5,3220,INR,Completed
BKG50109,H102,Mumbai,C8848,Isha Sharma,isha.sharma61@example.com,2026-11-24,2026-11-30,Single,4,16334,INR,Confirmed
BKG50110,H105,Delhi,C2077,Arjun Kale,arjun.kale26@example.com,2026-11-05,2026-11-10,Deluxe,4,21375,INR,Completed
BKG50111,H114,Hyderabad,C2625,Ananya Kale,ananya.kale99@example.com,2026-10-15,2026-10-22,Double,4,16596,INR,Completed
BKG50112,H113,Bengaluru,C7816,Arjun More,arjun.more22@example.com,2026-11-10,2026-11-14,Deluxe,3,14065,INR,Completed
BKG50113,H103,Pune,C2528,Vivaan Patil,vivaan.patil65@example.com,2026-10-13,2026-10-19,Deluxe,2,20031,INR,Pending
BKG50114,H114,Delhi,C6794,Isha Patil,isha.patil95@example.com,2026-11-24,2026-12-01,Single,3,21474,INR,Pending
BKG50115,H117,Jaipur,C4486,Vivaan Kale,vivaan.kale29@example.com,2026-12-24,2026-12-28,Double,1,13272,INR,Confirmed
BKG50116,H108,Delhi,C8031,Karan Kale,karan.kale81@example.com,2026-12-19,2026-12-24,Single,5,23355,INR,Confirmed
BKG50117,H110,Chennai,C6568,Aditya Kulkarni,aditya.kulkarni54@example.com,2026-10-01,2026-10-03,Double,5,23339,INR,Confirmed
BKG50118,H103,Jaipur,C9692,Aditya Sharma,aditya.sharma37@example.com,2026-11-18,2026-11-22,Suite,3,6957,INR,Pending
BKG50119,H119,Nashik,C2392,Meera Deshmukh,meera.deshmukh16@example.com,2026-10-20,2026-10-22,Single,1,10716,INR,Completed
BKG50120,H115,Mumbai,C7786,Priya Kale,priya.kale44@example.com,2026-10-28,2026-11-04,Single,3,15887,INR,Pending
BKG50121,H116,Pune,C9634,Isha Kale,isha.kale95@example.com,2026-11-09,2026-11-10,Double,4,21438,INR,Confirmed
BKG50122,H107,Chennai,C3249,Rohan Kulkarni,rohan.kulkarni42@example.com,2026-11-07,2026-11-10,Single,1,18098,INR,Cancelled
BKG50123,H118,Pune,C4771,Aditya Pawar,aditya.pawar74@example.com,2026-12-11,2026-12-18,Deluxe,1,14811,INR,Completed
BKG50124,H103,Mumbai,C6130,Aarav More,aarav.more83@example.com,2026-11-24,2026-11-29,Suite,4,11286,INR,Completed
BKG50125,H106,Chennai,C8539,Aarav Deshmukh,aarav.deshmukh98@example.com,2026-11-16,2026-11-17,Suite,1,9772,INR,Completed
BKG50126,H113,Mumbai,C6084,Ananya Patil,ananya.patil53@example.com,2026-10-29,2026-11-01,Double,1,18527,INR,Cancelled
BKG50127,H105,Bengaluru,C4872,Arjun Deshmukh,arjun.deshmukh23@example.com,2026-10-19,2026-10-22,Double,2,21539,INR,Confirmed
BKG50128,H115,Nashik,C8355,Aditya More,aditya.more97@example.com,2026-12-12,2026-12-18,Deluxe,3,6746,INR,Confirmed
BKG50129,H110,Nashik,C5501,Priya More,priya.more85@example.com,2026-10-08,2026-10-11,Single,3,16930,INR,Confirmed
BKG50130,H110,Pune,C2258,Aarav Deshmukh,aarav.deshmukh92@example.com,2026-10-12,2026-10-17,Suite,4,20816,INR,Completed
BKG50131,H111,Mumbai,C8793,Sneha Joshi,sneha.joshi74@example.com,2026-10-20,2026-10-21,Suite,1,13053,INR,Cancelled
BKG50132,H115,Delhi,C8200,Aarav Joshi,aarav.joshi77@example.com,2026-12-06,2026-12-11,Double,3,14017,INR,Completed
BKG50133,H120,Chennai,C1858,Neha Deshmukh,neha.deshmukh90@example.com,2026-12-22,2026-12-25,Single,3,4896,INR,Pending
BKG50134,H105,Chennai,C6462,Karan Kale,karan.kale20@example.com,2026-12-14,2026-12-20,Double,3,11965,INR,Cancelled
BKG50135,H110,Chennai,C7172,Sneha Patil,sneha.patil92@example.com,2026-11-12,2026-11-19,Double,5,4862,INR,Pending
BKG50136,H110,Bengaluru,C3954,Aarav Deshmukh,aarav.deshmukh37@example.com,2026-11-13,2026-11-20,Suite,2,9223,INR,Cancelled
BKG50137,H104,Chennai,C9318,Vivaan Kulkarni,vivaan.kulkarni79@example.com,2026-12-07,2026-12-08,Deluxe,5,6094,INR,Cancelled
BKG50138,H120,Delhi,C3713,Aditya Nagre,aditya.nagre66@example.com,2026-10-06,2026-10-10,Deluxe,2,16355,INR,Completed
BKG50139,H108,Chennai,C6071,Rohan Jadhav,rohan.jadhav70@example.com,2026-10-25,2026-10-28,Suite,4,11033,INR,Completed
BKG50140,H120,Mumbai,C3268,Aditya Joshi,aditya.joshi42@example.com,2026-10-07,2026-10-13,Suite,3,19971,INR,Confirmed
BKG50141,H106,Nashik,C5470,Karan Patil,karan.patil67@example.com,2026-12-05,2026-12-07,Suite,1,9075,INR,Pending
BKG50142,H102,Hyderabad,C7496,Aarav Pawar,aarav.pawar74@example.com,2026-11-17,2026-11-19,Suite,1,14085,INR,Confirmed
BKG50143,H111,Nashik,C3393,Arjun Patil,arjun.patil27@example.com,2026-10-05,2026-10-08,Suite,2,24919,INR,Completed
BKG50144,H103,Chennai,C1312,Sneha Sharma,sneha.sharma42@example.com,2026-10-28,2026-11-04,Double,5,21751,INR,Confirmed
BKG50145,H110,Nashik,C2997,Karan Joshi,karan.joshi16@example.com,2026-10-31,2026-11-04,Suite,1,5432,INR,Confirmed
BKG50146,H119,Hyderabad,C4964,Isha Jadhav,isha.jadhav28@example.com,2026-11-07,2026-11-11,Single,5,13361,INR,Completed
BKG50147,H117,Pune,C6909,Aditya Patil,aditya.patil18@example.com,2026-12-07,2026-12-12,Single,4,17205,INR,Completed
BKG50148,H101,Bengaluru,C6851,Arjun Kulkarni,arjun.kulkarni18@example.com,2026-11-14,2026-11-16,Single,5,12695,INR,Confirmed
BKG50149,H111,Mumbai,C3869,Arjun Jadhav,arjun.jadhav97@example.com,2026-11-29,2026-12-05,Suite,2,6218,INR,Completed
BKG50150,H107,Nashik,C1718,Aarav Kulkarni,aarav.kulkarni35@example.com,2026-10-06,2026-10-09,Deluxe,5,14849,INR,Pending
BKG50151,H110,Chennai,C6849,Aarav Joshi,aarav.joshi16@example.com,2026-12-23,2026-12-26,Deluxe,1,13859,INR,Completed
BKG50152,H113,Delhi,C6555,Meera More,meera.more33@example.com,2026-12-03,2026-12-09,Suite,3,18815,INR,Confirmed
BKG50153,H103,Mumbai,C8056,Meera Pawar,meera.pawar87@example.com,2026-10-24,2026-10-29,Deluxe,3,5161,INR,Pending
BKG50154,H110,Pune,C8306,Isha Kulkarni,isha.kulkarni87@example.com,2026-11-24,2026-11-26,Suite,3,16451,INR,Pending
BKG50155,H109,Bengaluru,C1940,Sneha Pawar,sneha.pawar19@example.com,2026-12-25,2026-12-31,Suite,3,18612,INR,Confirmed
BKG50156,H115,Pune,C1571,Aditya Kale,aditya.kale26@example.com,2026-10-09,2026-10-11,Deluxe,3,14345,INR,Cancelled
BKG50157,H112,Chennai,C7096,Isha More,isha.more66@example.com,2026-10-10,2026-10-15,Double,5,13824,INR,Pending
BKG50158,H108,Delhi,C2859,Isha Kulkarni,isha.kulkarni13@example.com,2026-10-24,2026-10-28,Suite,5,5658,INR,Pending
BKG50159,H107,Nashik,C5679,Meera More,meera.more98@example.com,2026-12-02,2026-12-04,Single,2,4226,INR,Cancelled
BKG50160,H103,Delhi,C6237,Meera More,meera.more95@example.com,2026-11-14,2026-11-20,Single,5,19565,INR,Pending
BKG50161,H112,Pune,C9336,Aditya Nagre,aditya.nagre38@example.com,2026-10-16,2026-10-18,Double,2,17988,INR,Pending
BKG50162,H112,Chennai,C8658,Ananya Kale,ananya.kale80@example.com,2026-10-17,2026-10-22,Single,1,11934,INR,Completed
BKG50163,H114,Jaipur,C2209,Ananya Pawar,ananya.pawar26@example.com,2026-11-10,2026-11-16,Single,4,17064,INR,Cancelled
BKG50164,H106,Bengaluru,C3115,Ananya Kale,ananya.kale65@example.com,2026-12-04,2026-12-11,Single,1,18777,INR,Pending
BKG50165,H111,Delhi,C4695,Aditya Nagre,aditya.nagre54@example.com,2026-12-06,2026-12-09,Single,3,8232,INR,Cancelled
BKG50166,H120,Bengaluru,C9741,Isha Kulkarni,isha.kulkarni21@example.com,2026-12-04,2026-12-10,Double,5,20826,INR,Cancelled
BKG50167,H120,Delhi,C6532,Isha Kale,isha.kale82@example.com,2026-10-06,2026-10-13,Single,1,3289,INR,Cancelled
BKG50168,H120,Hyderabad,C1497,Sneha Pawar,sneha.pawar73@example.com,2026-12-20,2026-12-25,Deluxe,3,17625,INR,Completed
BKG50169,H103,Jaipur,C1982,Karan More,karan.more30@example.com,2026-11-26,2026-11-30,Suite,4,8485,INR,Cancelled
BKG50170,H112,Nashik,C7533,Arjun Deshmukh,arjun.deshmukh26@example.com,2026-11-17,2026-11-22,Single,3,9721,INR,Confirmed
BKG50171,H108,Hyderabad,C3309,Karan More,karan.more22@example.com,2026-10-07,2026-10-10,Suite,5,15501,INR,Cancelled
BKG50172,H111,Nashik,C4111,Arjun Kale,arjun.kale30@example.com,2026-12-03,2026-12-08,Suite,4,11910,INR,Confirmed
BKG50173,H117,Delhi,C8492,Vivaan Pawar,vivaan.pawar40@example.com,2026-10-28,2026-11-02,Deluxe,1,3456,INR,Completed
BKG50174,H110,Chennai,C9794,Sneha More,sneha.more11@example.com,2026-10-14,2026-10-18,Double,3,13785,INR,Pending
BKG50175,H102,Nashik,C4190,Aarav Pawar,aarav.pawar56@example.com,2026-12-10,2026-12-13,Single,4,18323,INR,Pending
BKG50176,H104,Bengaluru,C3109,Sneha Kale,sneha.kale22@example.com,2026-11-20,2026-11-23,Deluxe,5,13780,INR,Cancelled
BKG50177,H113,Nashik,C9194,Sneha Jadhav,sneha.jadhav15@example.com,2026-10-06,2026-10-07,Double,3,17323,INR,Cancelled
BKG50178,H105,Jaipur,C6374,Sneha Jadhav,sneha.jadhav88@example.com,2026-11-10,2026-11-12,Suite,5,11605,INR,Completed
BKG50179,H110,Delhi,C8781,Meera Kale,meera.kale12@example.com,2026-11-17,2026-11-20,Single,4,20926,INR,Confirmed
BKG50180,H109,Chennai,C4729,Sneha More,sneha.more16@example.com,2026-12-14,2026-12-18,Double,5,22411,INR,Cancelled
BKG50181,H102,Chennai,C2801,Isha Joshi,isha.joshi34@example.com,2026-10-03,2026-10-07,Deluxe,4,6762,INR,Cancelled
BKG50182,H120,Nashik,C8727,Neha Jadhav,neha.jadhav17@example.com,2026-12-30,2027-01-01,Double,5,12451,INR,Completed
BKG50183,H115,Hyderabad,C9735,Arjun Nagre,arjun.nagre53@example.com,2026-12-09,2026-12-12,Deluxe,5,17665,INR,Cancelled
BKG50184,H110,Nashik,C4685,Karan Jadhav,karan.jadhav48@example.com,2026-11-06,2026-11-12,Double,4,12188,INR,Pending
BKG50185,H110,Bengaluru,C2997,Ananya Kulkarni,ananya.kulkarni83@example.com,2026-12-26,2026-12-31,Suite,4,13109,INR,Pending
BKG50186,H103,Delhi,C6675,Aarav Kulkarni,aarav.kulkarni66@example.com,2026-12-23,2026-12-26,Suite,2,8421,INR,Pending
BKG50187,H120,Mumbai,C4921,Aditya Patil,aditya.patil41@example.com,2026-10-07,2026-10-13,Double,2,3520,INR,Completed
BKG50188,H104,Hyderabad,C3253,Arjun More,arjun.more10@example.com,2026-12-10,2026-12-12,Suite,4,17445,INR,Pending
BKG50189,H102,Bengaluru,C2466,Arjun Kulkarni,arjun.kulkarni93@example.com,2026-12-13,2026-12-15,Single,2,15493,INR,Confirmed
BKG50190,H106,Nashik,C5743,Neha More,neha.more14@example.com,2026-10-02,2026-10-05,Single,3,11124,INR,Completed
BKG50191,H115,Delhi,C5471,Aditya Jadhav,aditya.jadhav34@example.com,2026-10-15,2026-10-18,Double,4,23043,INR,Cancelled
BKG50192,H110,Jaipur,C4165,Aarav Deshmukh,aarav.deshmukh32@example.com,2026-12-18,2026-12-25,Suite,4,18684,INR,Confirmed
BKG50193,H106,Hyderabad,C3304,Neha Patil,neha.patil71@example.com,2026-11-11,2026-11-13,Single,3,14368,INR,Completed
BKG50194,H110,Mumbai,C1188,Karan Deshmukh,karan.deshmukh43@example.com,2026-12-23,2026-12-26,Double,1,23682,INR,Completed
BKG50195,H113,Hyderabad,C9234,Karan Nagre,karan.nagre49@example.com,2026-12-28,2026-12-29,Deluxe,3,21940,INR,Cancelled
BKG50196,H105,Hyderabad,C8455,Aditya More,aditya.more87@example.com,2026-11-17,2026-11-21,Suite,5,23561,INR,Cancelled
BKG50197,H103,Mumbai,C9610,Isha Kale,isha.kale67@example.com,2026-12-07,2026-12-13,Deluxe,1,20286,INR,Confirmed
BKG50198,H107,Hyderabad,C9793,Ananya Jadhav,ananya.jadhav29@example.com,2026-10-22,2026-10-25,Suite,1,24091,INR,Completed
BKG50199,H115,Pune,C1912,Vivaan Jadhav,vivaan.jadhav68@example.com,2026-10-17,2026-10-22,Suite,4,20278,INR,Completed
BKG50200,H101,Pune,C7488,Isha Kulkarni,isha.kulkarni42@example.com,2026-10-01,2026-10-07,Double,5,4193,INR,Completed
BKG50201,H118,Bengaluru,C1988,Arjun Patil,arjun.patil18@example.com,2026-11-30,2026-12-01,Deluxe,4,7697,INR,Completed
BKG50202,H115,Bengaluru,C7185,Arjun Pawar,arjun.pawar58@example.com,2026-10-11,2026-10-17,Double,3,5687,INR,Completed
BKG50203,H108,Hyderabad,C1057,Ananya Nagre,ananya.nagre12@example.com,2026-11-08,2026-11-12,Suite,5,14228,INR,Cancelled
BKG50204,H105,Hyderabad,C5517,Priya Deshmukh,priya.deshmukh34@example.com,2026-10-15,2026-10-16,Suite,5,2312,INR,Cancelled
BKG50205,H120,Chennai,C1551,Vivaan Patil,vivaan.patil67@example.com,2026-12-16,2026-12-22,Single,2,3249,INR,Completed
BKG50206,H107,Jaipur,C1925,Rohan Jadhav,rohan.jadhav27@example.com,2026-12-04,2026-12-07,Double,5,12249,INR,Cancelled
BKG50207,H117,Bengaluru,C4622,Karan Nagre,karan.nagre62@example.com,2026-11-08,2026-11-11,Single,5,21187,INR,Completed
BKG50208,H102,Bengaluru,C6643,Ananya More,ananya.more92@example.com,2026-12-25,2026-12-29,Deluxe,4,15177,INR,Pending
BKG50209,H118,Chennai,C8759,Neha Nagre,neha.nagre40@example.com,2026-10-29,2026-11-01,Double,4,3688,INR,Completed
BKG50210,H105,Jaipur,C7364,Ananya Jadhav,ananya.jadhav41@example.com,2026-11-02,2026-11-04,Deluxe,1,16538,INR,Confirmed
BKG50211,H102,Hyderabad,C5399,Ananya Joshi,ananya.joshi58@example.com,2026-12-26,2026-12-31,Single,1,7965,INR,Completed
BKG50212,H110,Hyderabad,C1252,Rohan Deshmukh,rohan.deshmukh37@example.com,2026-10-25,2026-10-31,Single,4,9749,INR,Completed
BKG50213,H111,Jaipur,C5638,Rohan Jadhav,rohan.jadhav58@example.com,2026-11-29,2026-12-04,Deluxe,3,10370,INR,Completed
BKG50214,H116,Hyderabad,C6247,Priya Patil,priya.patil36@example.com,2026-11-17,2026-11-20,Suite,1,20232,INR,Cancelled
BKG50215,H118,Hyderabad,C7842,Aarav Kulkarni,aarav.kulkarni47@example.com,2026-10-20,2026-10-22,Deluxe,2,14246,INR,Completed
BKG50216,H109,Bengaluru,C9006,Ananya Deshmukh,ananya.deshmukh92@example.com,2026-12-02,2026-12-06,Double,3,7346,INR,Completed
BKG50217,H102,Bengaluru,C9585,Aditya Jadhav,aditya.jadhav14@example.com,2026-10-10,2026-10-17,Single,1,15313,INR,Cancelled
BKG50218,H101,Nashik,C4584,Vivaan Nagre,vivaan.nagre74@example.com,2026-11-28,2026-12-01,Single,5,22697,INR,Completed
BKG50219,H118,Pune,C7740,Aarav Sharma,aarav.sharma11@example.com,2026-10-03,2026-10-08,Deluxe,5,11194,INR,Completed
BKG50220,H104,Chennai,C9592,Aditya Patil,aditya.patil29@example.com,2026-10-31,2026-11-02,Deluxe,3,10559,INR,Confirmed
BKG50221,H115,Chennai,C4985,Arjun Pawar,arjun.pawar99@example.com,2026-10-29,2026-11-01,Single,1,4863,INR,Completed
BKG50222,H116,Chennai,C1920,Neha Jadhav,neha.jadhav91@example.com,2026-10-02,2026-10-08,Double,1,18179,INR,Pending
BKG50223,H117,Mumbai,C1698,Sneha Patil,sneha.patil39@example.com,2026-10-28,2026-11-04,Suite,3,3325,INR,Pending
BKG50224,H102,Delhi,C3939,Ananya Kale,ananya.kale50@example.com,2026-10-03,2026-10-05,Double,4,4321,INR,Cancelled
BKG50225,H119,Mumbai,C7376,Sneha Joshi,sneha.joshi96@example.com,2026-12-09,2026-12-12,Suite,2,24387,INR,Pending
BKG50226,H114,Delhi,C4804,Aarav Patil,aarav.patil19@example.com,2026-11-13,2026-11-18,Suite,3,2770,INR,Completed
BKG50227,H112,Delhi,C7151,Priya Joshi,priya.joshi65@example.com,2026-10-24,2026-10-30,Suite,1,22070,INR,Cancelled
BKG50228,H103,Jaipur,C5391,Meera Patil,meera.patil29@example.com,2026-11-18,2026-11-24,Double,4,12176,INR,Confirmed
BKG50229,H110,Chennai,C8287,Vivaan Sharma,vivaan.sharma56@example.com,2026-11-04,2026-11-05,Double,1,7940,INR,Completed
BKG50230,H117,Jaipur,C7686,Ananya Jadhav,ananya.jadhav23@example.com,2026-10-04,2026-10-05,Deluxe,5,4849,INR,Completed
BKG50231,H114,Bengaluru,C7354,Aarav Kulkarni,aarav.kulkarni20@example.com,2026-12-11,2026-12-13,Double,4,7354,INR,Pending
BKG50232,H116,Nashik,C3391,Karan Kulkarni,karan.kulkarni18@example.com,2026-10-22,2026-10-26,Deluxe,4,11622,INR,Confirmed
BKG50233,H108,Delhi,C9124,Arjun Kulkarni,arjun.kulkarni86@example.com,2026-12-18,2026-12-20,Suite,1,6239,INR,Confirmed
BKG50234,H120,Delhi,C7225,Neha Deshmukh,neha.deshmukh52@example.com,2026-11-26,2026-11-29,Suite,5,6260,INR,Pending
BKG50235,H116,Hyderabad,C6148,Sneha Joshi,sneha.joshi32@example.com,2026-11-20,2026-11-23,Deluxe,4,20670,INR,Pending
BKG50236,H113,Nashik,C6981,Neha Kulkarni,neha.kulkarni24@example.com,2026-12-12,2026-12-14,Double,5,2681,INR,Cancelled
BKG50237,H103,Bengaluru,C7704,Priya Kulkarni,priya.kulkarni96@example.com,2026-12-03,2026-12-05,Deluxe,2,10079,INR,Completed
BKG50238,H115,Jaipur,C8852,Neha Patil,neha.patil84@example.com,2026-11-21,2026-11-26,Suite,5,3004,INR,Confirmed
BKG50239,H112,Mumbai,C3726,Vivaan Joshi,vivaan.joshi92@example.com,2026-12-18,2026-12-19,Suite,3,15905,INR,Confirmed
BKG50240,H108,Chennai,C9367,Vivaan Kulkarni,vivaan.kulkarni76@example.com,2026-12-11,2026-12-16,Double,4,14059,INR,Completed
BKG50241,H117,Mumbai,C3470,Isha Kale,isha.kale54@example.com,2026-10-04,2026-10-08,Single,3,15430,INR,Confirmed
BKG50242,H112,Jaipur,C6111,Meera Nagre,meera.nagre53@example.com,2026-11-28,2026-12-05,Double,5,17624,INR,Completed
BKG50243,H115,Mumbai,C6226,Vivaan More,vivaan.more18@example.com,2026-11-08,2026-11-09,Single,1,13041,INR,Cancelled
BKG50244,H117,Chennai,C3859,Meera Joshi,meera.joshi80@example.com,2026-10-21,2026-10-24,Suite,4,9397,INR,Cancelled
BKG50245,H113,Hyderabad,C1479,Aditya Pawar,aditya.pawar88@example.com,2026-10-26,2026-10-30,Suite,4,1945,INR,Cancelled
BKG50246,H119,Mumbai,C2668,Karan Patil,karan.patil78@example.com,2026-10-24,2026-10-27,Deluxe,2,16793,INR,Pending
BKG50247,H117,Jaipur,C6135,Isha More,isha.more86@example.com,2026-11-19,2026-11-24,Suite,5,5543,INR,Pending
BKG50248,H106,Hyderabad,C5874,Priya Kale,priya.kale88@example.com,2026-12-15,2026-12-16,Double,3,5662,INR,Pending
BKG50249,H112,Chennai,C3317,Vivaan Nagre,vivaan.nagre75@example.com,2026-11-19,2026-11-23,Double,5,14373,INR,Cancelled
BKG50250,H106,Pune,C3734,Priya Jadhav,priya.jadhav72@example.com,2026-11-06,2026-11-08,Double,3,16578,INR,Pending
BKG50251,H105,Nashik,C4197,Aarav More,aarav.more59@example.com,2026-12-11,2026-12-16,Suite,4,24236,INR,Completed
BKG50252,H116,Delhi,C3741,Meera More,meera.more20@example.com,2026-12-12,2026-12-13,Double,3,2871,INR,Cancelled
BKG50253,H106,Delhi,C8493,Ananya Kulkarni,ananya.kulkarni82@example.com,2026-12-03,2026-12-08,Single,5,5542,INR,Pending
BKG50254,H115,Nashik,C9952,Ananya Sharma,ananya.sharma37@example.com,2026-11-24,2026-11-25,Double,3,2856,INR,Pending
BKG50255,H115,Chennai,C2924,Arjun Patil,arjun.patil40@example.com,2026-10-27,2026-11-03,Deluxe,5,22534,INR,Cancelled
BKG50256,H107,Bengaluru,C4391,Sneha Nagre,sneha.nagre17@example.com,2026-12-12,2026-12-15,Deluxe,5,19454,INR,Pending
BKG50257,H110,Pune,C5381,Meera Kulkarni,meera.kulkarni75@example.com,2026-12-26,2027-01-02,Single,2,15287,INR,Pending
BKG50258,H105,Bengaluru,C5091,Isha Nagre,isha.nagre28@example.com,2026-11-11,2026-11-18,Double,4,17838,INR,Pending
BKG50259,H113,Delhi,C8406,Isha Pawar,isha.pawar19@example.com,2026-12-21,2026-12-28,Single,4,18695,INR,Pending
BKG50260,H111,Chennai,C1041,Priya More,priya.more21@example.com,2026-11-28,2026-12-04,Deluxe,1,19312,INR,Cancelled
BKG50261,H116,Jaipur,C5400,Neha Joshi,neha.joshi51@example.com,2026-11-06,2026-11-09,Double,5,17703,INR,Confirmed
BKG50262,H115,Hyderabad,C1267,Aarav Patil,aarav.patil25@example.com,2026-10-21,2026-10-25,Suite,1,15818,INR,Cancelled
BKG50263,H106,Bengaluru,C5490,Isha Kulkarni,isha.kulkarni21@example.com,2026-12-23,2026-12-26,Deluxe,1,13984,INR,Confirmed
BKG50264,H108,Nashik,C8033,Neha Kulkarni,neha.kulkarni93@example.com,2026-10-12,2026-10-18,Single,1,8793,INR,Confirmed
BKG50265,H108,Chennai,C9511,Aditya Kale,aditya.kale97@example.com,2026-11-26,2026-11-27,Single,3,5751,INR,Cancelled
BKG50266,H108,Bengaluru,C7277,Priya Patil,priya.patil21@example.com,2026-10-14,2026-10-15,Deluxe,3,11605,INR,Completed
BKG50267,H103,Hyderabad,C9692,Aditya Nagre,aditya.nagre82@example.com,2026-10-02,2026-10-07,Double,4,13307,INR,Cancelled
BKG50268,H115,Jaipur,C4560,Neha Kale,neha.kale21@example.com,2026-10-13,2026-10-15,Single,5,14383,INR,Completed
BKG50269,H108,Delhi,C5538,Arjun Nagre,arjun.nagre92@example.com,2026-10-11,2026-10-13,Deluxe,1,23374,INR,Cancelled
BKG50270,H117,Chennai,C4091,Ananya Kale,ananya.kale60@example.com,2026-11-07,2026-11-13,Single,2,18016,INR,Confirmed
BKG50271,H120,Chennai,C2164,Rohan More,rohan.more77@example.com,2026-10-02,2026-10-05,Deluxe,2,14475,INR,Pending
BKG50272,H116,Pune,C2196,Ananya Nagre,ananya.nagre12@example.com,2026-12-15,2026-12-16,Single,3,8869,INR,Confirmed
BKG50273,H110,Bengaluru,C9210,Neha Jadhav,neha.jadhav63@example.com,2026-11-24,2026-11-30,Suite,1,22789,INR,Pending
BKG50274,H103,Mumbai,C9378,Vivaan Kulkarni,vivaan.kulkarni36@example.com,2026-10-20,2026-10-25,Deluxe,4,21016,INR,Pending
BKG50275,H108,Pune,C1949,Meera Pawar,meera.pawar41@example.com,2026-10-12,2026-10-16,Single,4,21863,INR,Pending
BKG50276,H104,Delhi,C1208,Isha Nagre,isha.nagre27@example.com,2026-12-29,2026-12-30,Double,4,13160,INR,Cancelled
BKG50277,H109,Mumbai,C2935,Arjun Nagre,arjun.nagre13@example.com,2026-11-12,2026-11-19,Suite,3,18965,INR,Pending
BKG50278,H103,Bengaluru,C9129,Meera Kale,meera.kale68@example.com,2026-12-05,2026-12-08,Single,4,20375,INR,Pending
BKG50279,H104,Pune,C2890,Aditya Kulkarni,aditya.kulkarni39@example.com,2026-12-05,2026-12-06,Single,1,9813,INR,Completed
BKG50280,H105,Hyderabad,C3933,Arjun Pawar,arjun.pawar14@example.com,2026-12-10,2026-12-17,Suite,2,12344,INR,Completed
BKG50281,H109,Pune,C2277,Meera Deshmukh,meera.deshmukh83@example.com,2026-11-17,2026-11-18,Single,2,9113,INR,Completed
BKG50282,H110,Hyderabad,C6091,Vivaan More,vivaan.more51@example.com,2026-10-12,2026-10-17,Suite,1,13888,INR,Pending
BKG50283,H120,Hyderabad,C4975,Sneha Kulkarni,sneha.kulkarni69@example.com,2026-11-17,2026-11-22,Suite,2,19709,INR,Cancelled
BKG50284,H101,Chennai,C4818,Aarav Pawar,aarav.pawar79@example.com,2026-11-14,2026-11-20,Single,3,1847,INR,Pending
BKG50285,H117,Pune,C4903,Vivaan Joshi,vivaan.joshi63@example.com,2026-12-02,2026-12-03,Double,3,4848,INR,Cancelled
BKG50286,H112,Pune,C8512,Ananya Pawar,ananya.pawar20@example.com,2026-12-14,2026-12-15,Double,4,4252,INR,Completed
BKG50287,H108,Nashik,C5779,Isha Nagre,isha.nagre43@example.com,2026-11-10,2026-11-17,Suite,3,12222,INR,Pending
BKG50288,H107,Nashik,C3231,Rohan Patil,rohan.patil84@example.com,2026-10-14,2026-10-16,Single,2,16531,INR,Pending
BKG50289,H118,Mumbai,C6871,Neha Patil,neha.patil36@example.com,2026-11-27,2026-11-30,Suite,3,5729,INR,Cancelled
BKG50290,H120,Chennai,C1661,Isha Kulkarni,isha.kulkarni37@example.com,2026-11-11,2026-11-13,Single,2,13456,INR,Confirmed
BKG50291,H109,Hyderabad,C3849,Isha Kulkarni,isha.kulkarni13@example.com,2026-11-21,2026-11-28,Suite,5,19826,INR,Confirmed
BKG50292,H105,Chennai,C2990,Priya Patil,priya.patil11@example.com,2026-10-08,2026-10-15,Double,2,8292,INR,Pending
BKG50293,H119,Mumbai,C5241,Isha Patil,isha.patil19@example.com,2026-10-03,2026-10-04,Double,4,6020,INR,Pending
BKG50294,H115,Chennai,C1830,Vivaan Sharma,vivaan.sharma31@example.com,2026-12-13,2026-12-17,Suite,4,2766,INR,Completed
BKG50295,H107,Hyderabad,C4067,Aditya Deshmukh,aditya.deshmukh45@example.com,2026-11-05,2026-11-09,Double,1,21923,INR,Pending
BKG50296,H118,Hyderabad,C8849,Priya Pawar,priya.pawar17@example.com,2026-10-12,2026-10-15,Suite,2,15537,INR,Cancelled
BKG50297,H101,Jaipur,C7267,Isha Jadhav,isha.jadhav55@example.com,2026-12-01,2026-12-06,Suite,3,20335,INR,Completed
BKG50298,H101,Jaipur,C6225,Karan Nagre,karan.nagre86@example.com,2026-10-29,2026-10-30,Deluxe,1,17256,INR,Cancelled
BKG50299,H108,Chennai,C4952,Aditya Patil,aditya.patil44@example.com,2026-12-08,2026-12-15,Single,2,20664,INR,Pending
BKG50300,H108,Bengaluru,C6211,Aditya Nagre,aditya.nagre99@example.com,2026-11-15,2026-11-20,Single,3,20400,INR,Cancelled
BKG50301,H110,Hyderabad,C3877,Priya Jadhav,priya.jadhav72@example.com,2026-10-05,2026-10-06,Single,2,21515,INR,Confirmed
BKG50302,H101,Jaipur,C6436,Ananya More,ananya.more88@example.com,2026-10-26,2026-11-02,Double,3,7615,INR,Confirmed
BKG50303,H119,Chennai,C3321,Aarav Nagre,aarav.nagre24@example.com,2026-12-07,2026-12-14,Deluxe,1,14041,INR,Confirmed
BKG50304,H111,Jaipur,C3236,Arjun Kulkarni,arjun.kulkarni30@example.com,2026-11-25,2026-12-02,Suite,3,7508,INR,Cancelled
BKG50305,H106,Chennai,C7200,Isha Kale,isha.kale49@example.com,2026-12-28,2026-12-31,Double,2,1858,INR,Confirmed
BKG50306,H111,Mumbai,C4620,Aditya Kale,aditya.kale91@example.com,2026-12-12,2026-12-13,Suite,2,12651,INR,Cancelled
BKG50307,H106,Delhi,C2454,Arjun Deshmukh,arjun.deshmukh95@example.com,2026-12-21,2026-12-27,Deluxe,4,2173,INR,Cancelled
BKG50308,H112,Bengaluru,C5206,Rohan Patil,rohan.patil23@example.com,2026-10-01,2026-10-02,Suite,4,15551,INR,Completed
BKG50309,H112,Hyderabad,C9947,Priya Pawar,priya.pawar58@example.com,2026-10-13,2026-10-20,Suite,5,23130,INR,Cancelled
BKG50310,H102,Bengaluru,C5832,Priya Patil,priya.patil12@example.com,2026-11-10,2026-11-13,Single,1,13000,INR,Completed
BKG50311,H118,Bengaluru,C2526,Aditya Patil,aditya.patil53@example.com,2026-12-16,2026-12-21,Suite,1,15933,INR,Completed
BKG50312,H104,Hyderabad,C6425,Aditya Sharma,aditya.sharma36@example.com,2026-10-25,2026-10-29,Deluxe,3,11545,INR,Confirmed
BKG50313,H119,Delhi,C9044,Aarav Pawar,aarav.pawar29@example.com,2026-10-07,2026-10-10,Single,4,4671,INR,Completed
BKG50314,H101,Delhi,C4391,Rohan Patil,rohan.patil31@example.com,2026-12-21,2026-12-24,Single,4,5584,INR,Completed
BKG50315,H109,Jaipur,C2494,Priya More,priya.more92@example.com,2026-12-09,2026-12-13,Double,3,14299,INR,Cancelled
BKG50316,H109,Bengaluru,C8205,Priya Sharma,priya.sharma69@example.com,2026-11-03,2026-11-05,Deluxe,5,3819,INR,Confirmed
BKG50317,H118,Chennai,C7783,Vivaan Deshmukh,vivaan.deshmukh85@example.com,2026-10-30,2026-11-04,Single,4,18923,INR,Completed
BKG50318,H116,Bengaluru,C5897,Sneha Joshi,sneha.joshi20@example.com,2026-11-20,2026-11-27,Single,5,20517,INR,Confirmed
BKG50319,H106,Chennai,C4472,Priya Nagre,priya.nagre34@example.com,2026-10-17,2026-10-18,Suite,1,24184,INR,Cancelled
BKG50320,H120,Jaipur,C5226,Isha Nagre,isha.nagre50@example.com,2026-10-09,2026-10-10,Suite,5,14820,INR,Pending
BKG50321,H101,Mumbai,C9562,Ananya More,ananya.more63@example.com,2026-10-15,2026-10-19,Double,2,20366,INR,Confirmed
BKG50322,H110,Nashik,C9776,Sneha Patil,sneha.patil54@example.com,2026-11-22,2026-11-25,Suite,4,20544,INR,Confirmed
BKG50323,H113,Jaipur,C3357,Aditya Kulkarni,aditya.kulkarni89@example.com,2026-12-17,2026-12-23,Suite,1,14769,INR,Cancelled
BKG50324,H109,Nashik,C7103,Aarav More,aarav.more12@example.com,2026-11-13,2026-11-20,Deluxe,3,10986,INR,Confirmed
BKG50325,H110,Mumbai,C8260,Rohan Nagre,rohan.nagre51@example.com,2026-11-04,2026-11-10,Suite,5,22953,INR,Cancelled
BKG50326,H114,Mumbai,C8938,Priya Joshi,priya.joshi76@example.com,2026-11-17,2026-11-24,Single,5,7009,INR,Pending
BKG50327,H113,Pune,C3223,Meera Jadhav,meera.jadhav77@example.com,2026-12-12,2026-12-13,Double,2,8377,INR,Cancelled
BKG50328,H102,Mumbai,C6905,Aarav More,aarav.more35@example.com,2026-11-05,2026-11-08,Suite,5,14807,INR,Confirmed
BKG50329,H116,Delhi,C8309,Rohan Deshmukh,rohan.deshmukh32@example.com,2026-11-30,2026-12-05,Deluxe,3,7158,INR,Confirmed
BKG50330,H113,Hyderabad,C1814,Karan Sharma,karan.sharma30@example.com,2026-12-13,2026-12-20,Double,2,23013,INR,Cancelled
BKG50331,H117,Pune,C1329,Karan Pawar,karan.pawar97@example.com,2026-10-02,2026-10-06,Double,2,21498,INR,Cancelled
BKG50332,H110,Hyderabad,C5512,Karan Kale,karan.kale64@example.com,2026-11-18,2026-11-25,Deluxe,4,10057,INR,Completed
BKG50333,H120,Delhi,C7507,Karan Jadhav,karan.jadhav84@example.com,2026-10-14,2026-10-15,Deluxe,5,23012,INR,Pending
BKG50334,H116,Delhi,C2046,Isha Patil,isha.patil53@example.com,2026-11-05,2026-11-11,Deluxe,3,10357,INR,Cancelled
BKG50335,H108,Nashik,C1931,Aditya Jadhav,aditya.jadhav86@example.com,2026-11-21,2026-11-27,Deluxe,2,2634,INR,Pending
BKG50336,H113,Nashik,C7362,Karan Pawar,karan.pawar14@example.com,2026-12-14,2026-12-20,Double,3,9086,INR,Pending
BKG50337,H106,Bengaluru,C3968,Ananya Kulkarni,ananya.kulkarni47@example.com,2026-10-13,2026-10-17,Double,3,20118,INR,Pending
BKG50338,H108,Delhi,C6821,Isha Patil,isha.patil38@example.com,2026-11-09,2026-11-13,Deluxe,3,10338,INR,Completed
BKG50339,H102,Delhi,C2167,Vivaan More,vivaan.more70@example.com,2026-10-25,2026-10-30,Single,4,19161,INR,Completed
BKG50340,H105,Bengaluru,C4282,Aarav Nagre,aarav.nagre53@example.com,2026-11-22,2026-11-27,Suite,2,12167,INR,Confirmed
BKG50341,H106,Bengaluru,C6135,Priya Deshmukh,priya.deshmukh91@example.com,2026-10-08,2026-10-09,Suite,3,8661,INR,Cancelled
BKG50342,H105,Pune,C8106,Priya Patil,priya.patil91@example.com,2026-11-24,2026-11-28,Suite,4,14360,INR,Confirmed
BKG50343,H112,Hyderabad,C1231,Ananya Joshi,ananya.joshi51@example.com,2026-12-07,2026-12-09,Single,1,22335,INR,Cancelled
BKG50344,H110,Pune,C3113,Meera Deshmukh,meera.deshmukh23@example.com,2026-11-19,2026-11-24,Deluxe,2,3939,INR,Pending
BKG50345,H117,Jaipur,C9588,Karan More,karan.more53@example.com,2026-11-25,2026-12-01,Double,3,17862,INR,Cancelled
BKG50346,H101,Bengaluru,C4743,Aditya Pawar,aditya.pawar38@example.com,2026-10-17,2026-10-19,Single,5,18335,INR,Confirmed
BKG50347,H113,Pune,C5191,Arjun Sharma,arjun.sharma78@example.com,2026-12-19,2026-12-20,Single,1,23216,INR,Confirmed
BKG50348,H114,Bengaluru,C8280,Meera Patil,meera.patil58@example.com,2026-10-16,2026-10-21,Deluxe,4,24798,INR,Cancelled
BKG50349,H110,Bengaluru,C7896,Meera Sharma,meera.sharma94@example.com,2026-10-13,2026-10-19,Deluxe,5,21645,INR,Completed
BKG50350,H120,Hyderabad,C2929,Vivaan Jadhav,vivaan.jadhav46@example.com,2026-10-15,2026-10-22,Single,4,8309,INR,Pending
BKG50351,H112,Nashik,C7714,Ananya Joshi,ananya.joshi47@example.com,2026-10-21,2026-10-22,Suite,2,24351,INR,Pending
BKG50352,H101,Mumbai,C2459,Rohan Sharma,rohan.sharma24@example.com,2026-12-13,2026-12-19,Suite,2,4751,INR,Confirmed
BKG50353,H115,Delhi,C5851,Karan Joshi,karan.joshi43@example.com,2026-11-29,2026-11-30,Single,2,3092,INR,Pending
BKG50354,H114,Jaipur,C2899,Isha Deshmukh,isha.deshmukh22@example.com,2026-10-06,2026-10-07,Double,2,12569,INR,Completed
BKG50355,H103,Delhi,C7106,Sneha Kulkarni,sneha.kulkarni53@example.com,2026-10-24,2026-10-25,Suite,4,16759,INR,Completed
BKG50356,H114,Chennai,C3733,Meera More,meera.more24@example.com,2026-10-17,2026-10-23,Single,2,5198,INR,Completed
BKG50357,H106,Mumbai,C7222,Sneha More,sneha.more55@example.com,2026-12-18,2026-12-19,Double,4,17794,INR,Completed
BKG50358,H103,Mumbai,C5287,Priya Sharma,priya.sharma93@example.com,2026-11-10,2026-11-11,Double,3,18809,INR,Completed
BKG50359,H116,Pune,C6665,Isha Joshi,isha.joshi94@example.com,2026-12-26,2027-01-01,Suite,2,20095,INR,Confirmed
BKG50360,H117,Jaipur,C8689,Isha Nagre,isha.nagre73@example.com,2026-10-22,2026-10-23,Suite,3,9693,INR,Pending
BKG50361,H108,Nashik,C7204,Aarav Jadhav,aarav.jadhav61@example.com,2026-10-31,2026-11-01,Suite,4,20577,INR,Confirmed
BKG50362,H111,Pune,C2945,Priya More,priya.more73@example.com,2026-12-23,2026-12-24,Single,4,15311,INR,Confirmed
BKG50363,H120,Pune,C5991,Vivaan Kale,vivaan.kale75@example.com,2026-12-11,2026-12-13,Suite,3,13706,INR,Cancelled
BKG50364,H118,Hyderabad,C8752,Priya Deshmukh,priya.deshmukh94@example.com,2026-11-16,2026-11-22,Suite,1,4992,INR,Confirmed
BKG50365,H110,Nashik,C9974,Arjun Deshmukh,arjun.deshmukh76@example.com,2026-11-17,2026-11-23,Single,1,7179,INR,Cancelled
BKG50366,H104,Nashik,C5167,Meera Pawar,meera.pawar88@example.com,2026-10-26,2026-10-28,Single,4,8864,INR,Cancelled
BKG50367,H104,Bengaluru,C7791,Meera Deshmukh,meera.deshmukh15@example.com,2026-12-21,2026-12-28,Single,4,16787,INR,Completed
BKG50368,H102,Bengaluru,C8092,Aarav Jadhav,aarav.jadhav84@example.com,2026-12-01,2026-12-06,Double,5,7490,INR,Confirmed
BKG50369,H120,Jaipur,C6274,Neha Kale,neha.kale74@example.com,2026-11-19,2026-11-23,Double,3,14837,INR,Pending
BKG50370,H105,Hyderabad,C7763,Priya Nagre,priya.nagre87@example.com,2026-12-29,2027-01-04,Deluxe,5,12086,INR,Cancelled
BKG50371,H110,Jaipur,C6658,Rohan Kale,rohan.kale96@example.com,2026-10-17,2026-10-23,Double,5,19576,INR,Confirmed
BKG50372,H116,Mumbai,C7840,Arjun Jadhav,arjun.jadhav96@example.com,2026-12-08,2026-12-11,Suite,1,18928,INR,Confirmed
BKG50373,H102,Delhi,C1928,Neha Nagre,neha.nagre35@example.com,2026-11-04,2026-11-11,Double,3,24193,INR,Cancelled
BKG50374,H107,Hyderabad,C9867,Aarav Kulkarni,aarav.kulkarni14@example.com,2026-11-15,2026-11-22,Suite,1,21988,INR,Completed
BKG50375,H110,Pune,C1770,Rohan Jadhav,rohan.jadhav58@example.com,2026-11-19,2026-11-23,Deluxe,5,3562,INR,Pending
BKG50376,H115,Hyderabad,C4696,Rohan Kale,rohan.kale91@example.com,2026-12-30,2027-01-05,Deluxe,5,19711,INR,Cancelled
BKG50377,H106,Chennai,C2221,Karan More,karan.more33@example.com,2026-10-23,2026-10-29,Single,4,3131,INR,Pending
BKG50378,H105,Pune,C3637,Ananya Kulkarni,ananya.kulkarni84@example.com,2026-11-02,2026-11-03,Deluxe,4,6872,INR,Cancelled
BKG50379,H102,Jaipur,C5935,Arjun Kale,arjun.kale72@example.com,2026-12-13,2026-12-18,Deluxe,1,24989,INR,Cancelled
BKG50380,H103,Hyderabad,C9277,Aditya Jadhav,aditya.jadhav30@example.com,2026-11-23,2026-11-28,Suite,1,13249,INR,Cancelled
BKG50381,H111,Pune,C6912,Isha Deshmukh,isha.deshmukh47@example.com,2026-10-28,2026-11-04,Suite,5,23076,INR,Confirmed
BKG50382,H115,Jaipur,C4938,Isha Deshmukh,isha.deshmukh92@example.com,2026-12-18,2026-12-23,Double,1,24165,INR,Completed
BKG50383,H109,Nashik,C9852,Vivaan Pawar,vivaan.pawar46@example.com,2026-10-04,2026-10-09,Deluxe,5,18470,INR,Completed
BKG50384,H107,Pune,C6249,Aarav Kulkarni,aarav.kulkarni75@example.com,2026-10-11,2026-10-12,Double,5,19272,INR,Confirmed
BKG50385,H114,Bengaluru,C2703,Rohan Joshi,rohan.joshi36@example.com,2026-12-08,2026-12-15,Suite,1,24280,INR,Confirmed
BKG50386,H102,Hyderabad,C2434,Priya Deshmukh,priya.deshmukh19@example.com,2026-10-07,2026-10-09,Deluxe,5,4108,INR,Pending
BKG50387,H115,Pune,C7627,Neha Pawar,neha.pawar65@example.com,2026-11-10,2026-11-11,Suite,1,19325,INR,Confirmed
BKG50388,H102,Mumbai,C2190,Meera Kale,meera.kale55@example.com,2026-12-04,2026-12-05,Deluxe,3,21675,INR,Pending
BKG50389,H113,Delhi,C1505,Priya Pawar,priya.pawar70@example.com,2026-10-21,2026-10-26,Double,2,14612,INR,Cancelled
BKG50390,H101,Mumbai,C3317,Karan Deshmukh,karan.deshmukh25@example.com,2026-10-06,2026-10-07,Suite,5,19741,INR,Pending
BKG50391,H107,Delhi,C7761,Rohan Deshmukh,rohan.deshmukh92@example.com,2026-12-05,2026-12-07,Double,2,9034,INR,Cancelled
BKG50392,H119,Mumbai,C1892,Vivaan Nagre,vivaan.nagre80@example.com,2026-11-29,2026-12-05,Single,3,23809,INR,Pending
BKG50393,H119,Mumbai,C8983,Vivaan Joshi,vivaan.joshi52@example.com,2026-11-15,2026-11-17,Double,1,11143,INR,Cancelled
BKG50394,H115,Jaipur,C6380,Arjun More,arjun.more88@example.com,2026-12-24,2026-12-27,Double,5,20374,INR,Pending
BKG50395,H101,Bengaluru,C6132,Neha Nagre,neha.nagre41@example.com,2026-10-29,2026-11-04,Suite,3,13579,INR,Pending
BKG50396,H115,Mumbai,C6878,Priya More,priya.more49@example.com,2026-12-02,2026-12-07,Single,2,22953,INR,Pending
BKG50397,H107,Pune,C5313,Aditya Jadhav,aditya.jadhav90@example.com,2026-10-10,2026-10-16,Single,1,18419,INR,Completed
BKG50398,H102,Hyderabad,C5270,Sneha Joshi,sneha.joshi79@example.com,2026-12-09,2026-12-13,Double,3,14661,INR,Pending
BKG50399,H117,Bengaluru,C9363,Aditya More,aditya.more21@example.com,2026-11-20,2026-11-23,Single,2,21920,INR,Cancelled
BKG50400,H106,Mumbai,C3396,Priya Nagre,priya.nagre71@example.com,2026-11-15,2026-11-16,Double,4,9393,INR,Pending
BKG50401,H102,Pune,C4388,Arjun Joshi,arjun.joshi76@example.com,2026-11-16,2026-11-20,Suite,4,3321,INR,Pending
BKG50402,H109,Chennai,C5315,Vivaan Jadhav,vivaan.jadhav84@example.com,2026-12-09,2026-12-14,Double,4,23219,INR,Pending
BKG50403,H117,Nashik,C5122,Sneha Patil,sneha.patil58@example.com,2026-10-29,2026-11-03,Suite,3,13106,INR,Completed
BKG50404,H117,Delhi,C3277,Sneha Sharma,sneha.sharma66@example.com,2026-10-22,2026-10-24,Single,5,22885,INR,Cancelled
BKG50405,H106,Mumbai,C6935,Aditya Nagre,aditya.nagre87@example.com,2026-10-16,2026-10-22,Double,4,12620,INR,Completed
BKG50406,H116,Pune,C4453,Isha More,isha.more85@example.com,2026-10-21,2026-10-27,Suite,1,9784,INR,Cancelled
BKG50407,H106,Delhi,C3208,Sneha Kale,sneha.kale90@example.com,2026-12-05,2026-12-06,Double,1,7250,INR,Cancelled
BKG50408,H120,Nashik,C1306,Ananya Pawar,ananya.pawar94@example.com,2026-11-06,2026-11-07,Double,4,21674,INR,Completed
BKG50409,H114,Jaipur,C3339,Aditya Joshi,aditya.joshi84@example.com,2026-10-24,2026-10-29,Deluxe,2,24265,INR,Completed
BKG50410,H103,Chennai,C4766,Sneha Kale,sneha.kale58@example.com,2026-11-19,2026-11-21,Single,1,8430,INR,Cancelled
BKG50411,H106,Bengaluru,C8797,Sneha Patil,sneha.patil88@example.com,2026-12-16,2026-12-17,Single,1,17602,INR,Confirmed
BKG50412,H117,Chennai,C7893,Isha Pawar,isha.pawar57@example.com,2026-10-06,2026-10-12,Suite,2,17598,INR,Pending
BKG50413,H104,Chennai,C7972,Sneha Kale,sneha.kale27@example.com,2026-11-02,2026-11-06,Double,1,11082,INR,Pending
BKG50414,H101,Jaipur,C9562,Rohan Sharma,rohan.sharma25@example.com,2026-12-06,2026-12-07,Suite,2,24336,INR,Completed
BKG50415,H105,Jaipur,C7981,Arjun Patil,arjun.patil93@example.com,2026-12-14,2026-12-17,Deluxe,5,15679,INR,Pending
BKG50416,H107,Nashik,C7771,Isha Pawar,isha.pawar80@example.com,2026-12-11,2026-12-15,Double,3,20120,INR,Pending
BKG50417,H112,Bengaluru,C7523,Karan Kale,karan.kale27@example.com,2026-12-24,2026-12-25,Double,4,24715,INR,Confirmed
BKG50418,H113,Pune,C6545,Rohan Jadhav,rohan.jadhav80@example.com,2026-12-18,2026-12-24,Single,2,14550,INR,Confirmed
BKG50419,H120,Pune,C8134,Aditya More,aditya.more21@example.com,2026-10-09,2026-10-12,Double,3,4422,INR,Completed
BKG50420,H117,Pune,C5694,Neha Kale,neha.kale86@example.com,2026-10-08,2026-10-15,Double,4,16184,INR,Cancelled
BKG50421,H110,Pune,C4191,Isha Jadhav,isha.jadhav14@example.com,2026-12-16,2026-12-21,Double,5,7353,INR,Pending
BKG50422,H106,Hyderabad,C2423,Rohan Sharma,rohan.sharma45@example.com,2026-11-21,2026-11-24,Suite,4,21004,INR,Confirmed
BKG50423,H103,Hyderabad,C5662,Meera Patil,meera.patil81@example.com,2026-12-14,2026-12-17,Deluxe,3,9215,INR,Completed
BKG50424,H101,Delhi,C5278,Neha Kale,neha.kale32@example.com,2026-11-22,2026-11-27,Single,5,4171,INR,Pending
BKG50425,H109,Nashik,C9814,Vivaan Jadhav,vivaan.jadhav83@example.com,2026-11-02,2026-11-08,Suite,4,20253,INR,Cancelled
BKG50426,H115,Hyderabad,C1449,Arjun More,arjun.more71@example.com,2026-10-15,2026-10-18,Single,4,22563,INR,Cancelled
BKG50427,H112,Mumbai,C9463,Arjun Pawar,arjun.pawar78@example.com,2026-10-02,2026-10-08,Deluxe,2,11213,INR,Completed
BKG50428,H103,Bengaluru,C3925,Isha Deshmukh,isha.deshmukh70@example.com,2026-11-10,2026-11-13,Double,5,10617,INR,Cancelled
BKG50429,H108,Jaipur,C4966,Priya Joshi,priya.joshi43@example.com,2026-10-27,2026-10-29,Double,2,22070,INR,Cancelled
BKG50430,H103,Jaipur,C9072,Vivaan Patil,vivaan.patil88@example.com,2026-10-01,2026-10-08,Single,4,13963,INR,Completed
BKG50431,H116,Pune,C3997,Sneha Kulkarni,sneha.kulkarni75@example.com,2026-11-05,2026-11-09,Double,5,6002,INR,Completed
BKG50432,H102,Nashik,C9233,Priya Jadhav,priya.jadhav54@example.com,2026-11-20,2026-11-27,Double,4,5744,INR,Pending
BKG50433,H101,Delhi,C4453,Meera Sharma,meera.sharma58@example.com,2026-12-14,2026-12-15,Deluxe,3,21879,INR,Cancelled
BKG50434,H108,Chennai,C5414,Ananya Kulkarni,ananya.kulkarni70@example.com,2026-12-18,2026-12-21,Deluxe,2,18143,INR,Cancelled
BKG50435,H112,Hyderabad,C7564,Neha Deshmukh,neha.deshmukh45@example.com,2026-11-27,2026-11-29,Double,5,24279,INR,Confirmed
BKG50436,H108,Bengaluru,C8082,Meera Kulkarni,meera.kulkarni58@example.com,2026-10-26,2026-10-28,Double,4,2119,INR,Completed
BKG50437,H117,Pune,C9749,Priya Nagre,priya.nagre50@example.com,2026-12-02,2026-12-05,Deluxe,5,20406,INR,Completed
BKG50438,H102,Delhi,C4531,Vivaan Nagre,vivaan.nagre42@example.com,2026-11-30,2026-12-07,Single,4,12766,INR,Pending
BKG50439,H118,Hyderabad,C5223,Arjun Jadhav,arjun.jadhav54@example.com,2026-10-03,2026-10-07,Single,3,24068,INR,Cancelled
BKG50440,H111,Nashik,C9364,Karan Deshmukh,karan.deshmukh72@example.com,2026-11-27,2026-11-28,Suite,5,11188,INR,Cancelled
BKG50441,H114,Jaipur,C7632,Aditya Deshmukh,aditya.deshmukh19@example.com,2026-10-11,2026-10-13,Deluxe,2,12072,INR,Pending
BKG50442,H120,Nashik,C7480,Meera Kulkarni,meera.kulkarni44@example.com,2026-11-26,2026-12-03,Deluxe,5,18870,INR,Completed
BKG50443,H101,Chennai,C3049,Aditya Nagre,aditya.nagre40@example.com,2026-12-24,2026-12-27,Single,2,7269,INR,Confirmed
BKG50444,H116,Mumbai,C9986,Vivaan Patil,vivaan.patil16@example.com,2026-10-04,2026-10-11,Suite,5,4527,INR,Pending
BKG50445,H103,Bengaluru,C7388,Sneha Nagre,sneha.nagre49@example.com,2026-10-30,2026-11-01,Deluxe,4,22328,INR,Cancelled
BKG50446,H101,Delhi,C1576,Ananya Nagre,ananya.nagre94@example.com,2026-11-15,2026-11-22,Deluxe,4,17108,INR,Completed
BKG50447,H106,Delhi,C8481,Aditya Jadhav,aditya.jadhav90@example.com,2026-12-21,2026-12-26,Suite,5,22764,INR,Pending
BKG50448,H108,Delhi,C2468,Priya Jadhav,priya.jadhav66@example.com,2026-11-09,2026-11-12,Suite,3,6902,INR,Confirmed
BKG50449,H105,Delhi,C6635,Aarav Jadhav,aarav.jadhav46@example.com,2026-11-30,2026-12-05,Single,4,17432,INR,Confirmed
BKG50450,H120,Chennai,C4789,Neha Kulkarni,neha.kulkarni10@example.com,2026-12-10,2026-12-13,Double,4,20168,INR,Completed
BKG50451,H113,Delhi,C7200,Rohan Nagre,rohan.nagre38@example.com,2026-11-03,2026-11-04,Suite,2,18728,INR,Pending
BKG50452,H109,Nashik,C7766,Isha Jadhav,isha.jadhav34@example.com,2026-10-09,2026-10-11,Double,3,5416,INR,Completed
BKG50453,H116,Bengaluru,C4077,Karan Kale,karan.kale51@example.com,2026-10-03,2026-10-05,Single,5,2525,INR,Confirmed
BKG50454,H105,Hyderabad,C8184,Karan Kulkarni,karan.kulkarni11@example.com,2026-10-30,2026-10-31,Double,1,17973,INR,Pending
BKG50455,H116,Bengaluru,C7085,Neha Kulkarni,neha.kulkarni69@example.com,2026-12-29,2027-01-05,Single,3,4428,INR,Confirmed
BKG50456,H103,Mumbai,C9900,Karan Pawar,karan.pawar70@example.com,2026-10-24,2026-10-26,Deluxe,4,2213,INR,Cancelled
BKG50457,H108,Hyderabad,C1550,Neha More,neha.more35@example.com,2026-11-28,2026-12-04,Single,5,23623,INR,Completed
BKG50458,H111,Delhi,C3599,Neha Kulkarni,neha.kulkarni90@example.com,2026-10-06,2026-10-12,Single,3,17568,INR,Cancelled
BKG50459,H107,Delhi,C2851,Arjun Sharma,arjun.sharma40@example.com,2026-12-21,2026-12-25,Deluxe,1,7284,INR,Confirmed
BKG50460,H101,Hyderabad,C1689,Neha Joshi,neha.joshi84@example.com,2026-12-28,2027-01-01,Double,3,4732,INR,Cancelled
BKG50461,H120,Mumbai,C6545,Priya Patil,priya.patil90@example.com,2026-10-08,2026-10-09,Deluxe,2,24781,INR,Cancelled
BKG50462,H111,Delhi,C6691,Priya Joshi,priya.joshi66@example.com,2026-10-25,2026-10-26,Suite,3,6214,INR,Confirmed
BKG50463,H118,Jaipur,C5829,Priya More,priya.more79@example.com,2026-12-29,2027-01-02,Double,5,7915,INR,Pending
BKG50464,H109,Jaipur,C3628,Meera More,meera.more18@example.com,2026-12-07,2026-12-09,Suite,3,10429,INR,Completed
BKG50465,H113,Jaipur,C4040,Aarav Jadhav,aarav.jadhav12@example.com,2026-12-19,2026-12-26,Deluxe,5,9624,INR,Confirmed
BKG50466,H113,Jaipur,C4111,Isha Jadhav,isha.jadhav77@example.com,2026-12-27,2026-12-31,Double,5,11077,INR,Completed
BKG50467,H104,Pune,C2578,Isha Deshmukh,isha.deshmukh76@example.com,2026-12-24,2026-12-25,Single,2,7653,INR,Cancelled
BKG50468,H107,Delhi,C2618,Vivaan More,vivaan.more14@example.com,2026-12-13,2026-12-19,Suite,4,19030,INR,Confirmed
BKG50469,H120,Pune,C2162,Arjun Joshi,arjun.joshi11@example.com,2026-10-27,2026-11-02,Suite,1,17137,INR,Pending
BKG50470,H112,Mumbai,C1956,Ananya Pawar,ananya.pawar88@example.com,2026-11-04,2026-11-09,Single,1,11758,INR,Cancelled
BKG50471,H104,Hyderabad,C4785,Ananya Patil,ananya.patil78@example.com,2026-11-19,2026-11-21,Double,5,23324,INR,Cancelled
BKG50472,H114,Bengaluru,C2729,Ananya Jadhav,ananya.jadhav91@example.com,2026-12-13,2026-12-16,Suite,4,5211,INR,Cancelled
BKG50473,H117,Jaipur,C6530,Ananya Pawar,ananya.pawar94@example.com,2026-10-21,2026-10-26,Suite,3,12126,INR,Pending
BKG50474,H111,Jaipur,C4944,Neha Pawar,neha.pawar82@example.com,2026-12-09,2026-12-11,Suite,5,10125,INR,Completed
BKG50475,H101,Delhi,C1568,Priya Pawar,priya.pawar46@example.com,2026-12-16,2026-12-17,Double,3,2015,INR,Cancelled
BKG50476,H101,Nashik,C5522,Rohan Deshmukh,rohan.deshmukh80@example.com,2026-12-05,2026-12-10,Double,1,3036,INR,Pending
BKG50477,H109,Chennai,C7015,Aditya Nagre,aditya.nagre84@example.com,2026-11-01,2026-11-03,Deluxe,3,4811,INR,Cancelled
BKG50478,H111,Delhi,C8906,Meera Patil,meera.patil32@example.com,2026-12-02,2026-12-09,Single,5,22845,INR,Confirmed
BKG50479,H113,Hyderabad,C2286,Meera Kale,meera.kale17@example.com,2026-11-12,2026-11-15,Suite,4,5749,INR,Confirmed
BKG50480,H102,Hyderabad,C5994,Isha Pawar,isha.pawar77@example.com,2026-10-06,2026-10-09,Double,3,18262,INR,Cancelled
BKG50481,H115,Bengaluru,C9270,Aarav Pawar,aarav.pawar21@example.com,2026-10-29,2026-11-02,Deluxe,4,6650,INR,Pending
BKG50482,H119,Chennai,C1808,Vivaan More,vivaan.more80@example.com,2026-11-21,2026-11-24,Single,4,18243,INR,Cancelled
BKG50483,H118,Hyderabad,C4246,Aditya More,aditya.more72@example.com,2026-11-20,2026-11-26,Double,5,21984,INR,Cancelled
BKG50484,H114,Jaipur,C6299,Vivaan Kulkarni,vivaan.kulkarni97@example.com,2026-12-13,2026-12-14,Single,4,15678,INR,Pending
BKG50485,H112,Nashik,C1397,Rohan Deshmukh,rohan.deshmukh49@example.com,2026-10-22,2026-10-25,Suite,5,6578,INR,Confirmed
BKG50486,H112,Bengaluru,C3556,Rohan Joshi,rohan.joshi20@example.com,2026-10-15,2026-10-21,Single,2,22149,INR,Pending
BKG50487,H104,Hyderabad,C6000,Aarav Deshmukh,aarav.deshmukh67@example.com,2026-11-30,2026-12-01,Deluxe,2,19429,INR,Cancelled
BKG50488,H109,Pune,C9992,Ananya Jadhav,ananya.jadhav71@example.com,2026-12-19,2026-12-25,Double,1,14140,INR,Pending
BKG50489,H110,Pune,C4289,Aditya Sharma,aditya.sharma99@example.com,2026-12-19,2026-12-22,Single,4,23255,INR,Confirmed
BKG50490,H112,Mumbai,C2768,Neha Kulkarni,neha.kulkarni12@example.com,2026-11-07,2026-11-14,Suite,2,14274,INR,Pending
BKG50491,H118,Pune,C2443,Priya Kale,priya.kale33@example.com,2026-10-26,2026-10-31,Suite,5,2504,INR,Cancelled
BKG50492,H111,Delhi,C9028,Ananya Kulkarni,ananya.kulkarni60@example.com,2026-10-21,2026-10-22,Deluxe,3,13445,INR,Cancelled
BKG50493,H102,Jaipur,C5222,Ananya Kulkarni,ananya.kulkarni59@example.com,2026-10-04,2026-10-09,Deluxe,2,6771,INR,Completed
BKG50494,H103,Bengaluru,C7263,Isha Nagre,isha.nagre76@example.com,2026-12-26,2026-12-31,Double,4,9676,INR,Completed
BKG50495,H111,Hyderabad,C8360,Karan Kale,karan.kale79@example.com,2026-10-17,2026-10-19,Double,5,19539,INR,Cancelled
BKG50496,H105,Mumbai,C8047,Karan Jadhav,karan.jadhav28@example.com,2026-12-23,2026-12-28,Double,3,4022,INR,Cancelled
BKG50497,H101,Hyderabad,C6222,Arjun Nagre,arjun.nagre62@example.com,2026-11-22,2026-11-25,Suite,3,6779,INR,Confirmed
BKG50498,H101,Hyderabad,C5373,Aditya Nagre,aditya.nagre87@example.com,2026-12-12,2026-12-17,Double,5,9408,INR,Confirmed
BKG50499,H116,Nashik,C3197,Arjun Patil,arjun.patil74@example.com,2026-12-17,2026-12-21,Deluxe,2,14496,INR,Completed
BKG50500,H107,Hyderabad,C4708,Aditya Nagre,aditya.nagre14@example.com,2026-11-22,2026-11-29,Single,3,15334,INR,Cancelled
BKG50501,H106,Chennai,C8198,Rohan Patil,rohan.patil88@example.com,2026-12-02,2026-12-08,Deluxe,4,9886,INR,Completed
BKG50502,H113,Nashik,C6127,Aarav Kale,aarav.kale60@example.com,2026-12-18,2026-12-24,Single,5,5382,INR,Completed
BKG50503,H117,Pune,C9813,Aarav Joshi,aarav.joshi60@example.com,2026-10-06,2026-10-11,Suite,5,22465,INR,Cancelled
BKG50504,H113,Pune,C5990,Karan More,karan.more46@example.com,2026-11-29,2026-12-01,Suite,3,21891,INR,Cancelled
BKG50505,H103,Jaipur,C9203,Priya More,priya.more24@example.com,2026-10-24,2026-10-31,Double,4,15351,INR,Completed
BKG50506,H115,Mumbai,C4309,Aarav Nagre,aarav.nagre68@example.com,2026-10-12,2026-10-15,Deluxe,2,5848,INR,Confirmed
BKG50507,H112,Chennai,C2398,Meera More,meera.more77@example.com,2026-12-30,2027-01-03,Double,4,19833,INR,Confirmed
BKG50508,H119,Delhi,C3460,Aditya Deshmukh,aditya.deshmukh30@example.com,2026-10-19,2026-10-21,Single,4,11894,INR,Completed
BKG50509,H104,Nashik,C3156,Karan Nagre,karan.nagre35@example.com,2026-10-01,2026-10-06,Deluxe,1,16828,INR,Completed
BKG50510,H120,Nashik,C9085,Ananya Sharma,ananya.sharma40@example.com,2026-10-28,2026-11-02,Suite,4,15239,INR,Confirmed
BKG50511,H101,Bengaluru,C5010,Sneha Kale,sneha.kale80@example.com,2026-11-05,2026-11-10,Double,1,7856,INR,Confirmed
BKG50512,H102,Pune,C3382,Isha Deshmukh,isha.deshmukh14@example.com,2026-12-25,2026-12-30,Deluxe,3,4673,INR,Confirmed
BKG50513,H106,Jaipur,C5660,Neha Nagre,neha.nagre88@example.com,2026-12-24,2026-12-30,Double,4,20771,INR,Confirmed
BKG50514,H111,Delhi,C7039,Vivaan Kulkarni,vivaan.kulkarni58@example.com,2026-10-09,2026-10-16,Suite,5,3927,INR,Completed
BKG50515,H109,Pune,C6394,Aditya Patil,aditya.patil77@example.com,2026-11-22,2026-11-27,Double,2,21855,INR,Confirmed
BKG50516,H103,Jaipur,C8925,Sneha Jadhav,sneha.jadhav98@example.com,2026-12-17,2026-12-24,Deluxe,4,21750,INR,Pending
BKG50517,H120,Nashik,C6798,Ananya Kale,ananya.kale26@example.com,2026-12-18,2026-12-23,Suite,5,22504,INR,Completed
BKG50518,H108,Mumbai,C5760,Aditya Kale,aditya.kale34@example.com,2026-10-01,2026-10-02,Single,4,22295,INR,Cancelled
BKG50519,H114,Hyderabad,C1746,Sneha Pawar,sneha.pawar52@example.com,2026-11-14,2026-11-19,Double,1,22791,INR,Pending
BKG50520,H110,Jaipur,C5920,Karan Patil,karan.patil74@example.com,2026-12-10,2026-12-13,Single,1,24273,INR,Pending
BKG50521,H120,Pune,C1478,Neha Kale,neha.kale32@example.com,2026-10-25,2026-10-28,Deluxe,4,17348,INR,Cancelled
BKG50522,H115,Delhi,C9798,Priya Nagre,priya.nagre52@example.com,2026-11-29,2026-12-06,Suite,1,18874,INR,Pending
BKG50523,H101,Delhi,C4413,Ananya Jadhav,ananya.jadhav83@example.com,2026-12-27,2026-12-30,Deluxe,1,6692,INR,Confirmed
BKG50524,H118,Delhi,C3720,Arjun Pawar,arjun.pawar83@example.com,2026-12-17,2026-12-21,Double,5,5628,INR,Pending
BKG50525,H109,Hyderabad,C7781,Meera Sharma,meera.sharma21@example.com,2026-12-03,2026-12-05,Deluxe,4,11716,INR,Pending
BKG50526,H112,Bengaluru,C1613,Aditya Patil,aditya.patil35@example.com,2026-10-12,2026-10-16,Single,4,18185,INR,Cancelled
BKG50527,H117,Bengaluru,C6085,Arjun More,arjun.more51@example.com,2026-10-19,2026-10-26,Single,5,23974,INR,Cancelled
BKG50528,H115,Mumbai,C7351,Meera Sharma,meera.sharma76@example.com,2026-10-15,2026-10-16,Deluxe,1,24313,INR,Pending
BKG50529,H104,Hyderabad,C9530,Priya Sharma,priya.sharma94@example.com,2026-11-09,2026-11-10,Deluxe,2,12314,INR,Cancelled
BKG50530,H118,Delhi,C6229,Karan Kulkarni,karan.kulkarni66@example.com,2026-12-25,2026-12-26,Deluxe,2,6960,INR,Confirmed
BKG50531,H118,Delhi,C9423,Aarav Kale,aarav.kale23@example.com,2026-10-27,2026-11-01,Deluxe,5,12236,INR,Cancelled
BKG50532,H119,Pune,C5012,Meera Kulkarni,meera.kulkarni31@example.com,2026-10-10,2026-10-13,Deluxe,5,16337,INR,Cancelled
BKG50533,H102,Nashik,C2736,Aarav More,aarav.more59@example.com,2026-10-07,2026-10-08,Suite,4,7664,INR,Pending
BKG50534,H107,Nashik,C9741,Karan Deshmukh,karan.deshmukh20@example.com,2026-11-29,2026-12-04,Double,1,24691,INR,Confirmed
BKG50535,H115,Bengaluru,C8710,Priya Kulkarni,priya.kulkarni39@example.com,2026-10-29,2026-10-31,Deluxe,3,14647,INR,Pending
BKG50536,H116,Bengaluru,C1496,Arjun More,arjun.more18@example.com,2026-11-30,2026-12-01,Deluxe,4,16913,INR,Pending
BKG50537,H119,Mumbai,C3088,Arjun Kale,arjun.kale75@example.com,2026-10-14,2026-10-18,Single,3,20023,INR,Pending
BKG50538,H113,Mumbai,C7774,Ananya More,ananya.more40@example.com,2026-12-19,2026-12-21,Double,4,14376,INR,Pending
BKG50539,H114,Mumbai,C8133,Rohan Kale,rohan.kale82@example.com,2026-11-13,2026-11-18,Double,2,23512,INR,Completed
BKG50540,H120,Chennai,C8585,Vivaan Kale,vivaan.kale51@example.com,2026-12-11,2026-12-12,Suite,2,11893,INR,Confirmed
BKG50541,H120,Bengaluru,C7209,Sneha Patil,sneha.patil51@example.com,2026-12-03,2026-12-09,Single,1,8930,INR,Confirmed
BKG50542,H115,Jaipur,C9705,Aditya Nagre,aditya.nagre47@example.com,2026-11-19,2026-11-24,Suite,2,8539,INR,Pending
BKG50543,H114,Pune,C6641,Sneha Kulkarni,sneha.kulkarni21@example.com,2026-12-14,2026-12-15,Suite,2,11439,INR,Pending
BKG50544,H101,Chennai,C6886,Ananya Sharma,ananya.sharma24@example.com,2026-11-06,2026-11-13,Single,2,15946,INR,Pending
BKG50545,H113,Hyderabad,C7252,Meera Pawar,meera.pawar65@example.com,2026-12-09,2026-12-11,Double,4,6357,INR,Completed
BKG50546,H105,Pune,C5727,Arjun Pawar,arjun.pawar95@example.com,2026-10-17,2026-10-19,Single,1,23046,INR,Cancelled
BKG50547,H114,Chennai,C3225,Meera More,meera.more20@example.com,2026-10-18,2026-10-24,Suite,4,24586,INR,Cancelled
BKG50548,H114,Pune,C8374,Priya Jadhav,priya.jadhav59@example.com,2026-11-15,2026-11-17,Double,4,21610,INR,Completed
BKG50549,H117,Nashik,C5412,Meera Joshi,meera.joshi62@example.com,2026-12-09,2026-12-14,Deluxe,1,3040,INR,Pending
BKG50550,H116,Mumbai,C2312,Vivaan Kale,vivaan.kale28@example.com,2026-12-07,2026-12-14,Deluxe,4,18739,INR,Confirmed
BKG50551,H103,Pune,C9835,Rohan More,rohan.more84@example.com,2026-11-09,2026-11-14,Single,3,19331,INR,Completed
BKG50552,H116,Pune,C6432,Priya Jadhav,priya.jadhav63@example.com,2026-11-15,2026-11-22,Deluxe,3,7288,INR,Pending
BKG50553,H109,Delhi,C2007,Meera Kale,meera.kale90@example.com,2026-11-30,2026-12-05,Double,5,3491,INR,Confirmed
BKG50554,H103,Delhi,C3078,Karan More,karan.more74@example.com,2026-10-10,2026-10-17,Deluxe,3,6143,INR,Pending
BKG50555,H104,Delhi,C3861,Karan Sharma,karan.sharma85@example.com,2026-10-20,2026-10-26,Suite,3,7547,INR,Cancelled
BKG50556,H117,Chennai,C1543,Priya Nagre,priya.nagre53@example.com,2026-10-11,2026-10-13,Double,4,15331,INR,Cancelled
BKG50557,H106,Bengaluru,C4455,Isha More,isha.more83@example.com,2026-11-14,2026-11-15,Deluxe,1,3521,INR,Completed
BKG50558,H110,Bengaluru,C8804,Neha More,neha.more78@example.com,2026-10-30,2026-11-03,Suite,4,10405,INR,Completed
BKG50559,H115,Jaipur,C7259,Aarav Kulkarni,aarav.kulkarni96@example.com,2026-11-10,2026-11-15,Single,1,19209,INR,Completed
BKG50560,H111,Hyderabad,C5430,Sneha Kulkarni,sneha.kulkarni44@example.com,2026-10-13,2026-10-16,Suite,4,23927,INR,Cancelled
BKG50561,H106,Chennai,C6133,Ananya Deshmukh,ananya.deshmukh80@example.com,2026-10-02,2026-10-08,Single,1,2191,INR,Confirmed
BKG50562,H115,Mumbai,C6760,Ananya Patil,ananya.patil38@example.com,2026-11-06,2026-11-09,Double,1,2576,INR,Confirmed
BKG50563,H120,Bengaluru,C2996,Sneha Joshi,sneha.joshi25@example.com,2026-10-12,2026-10-19,Double,4,23308,INR,Confirmed
BKG50564,H109,Jaipur,C5827,Meera Nagre,meera.nagre69@example.com,2026-12-24,2026-12-25,Suite,3,15791,INR,Pending
BKG50565,H109,Bengaluru,C2023,Aditya Patil,aditya.patil58@example.com,2026-11-19,2026-11-22,Single,3,10472,INR,Completed
BKG50566,H107,Chennai,C7433,Vivaan More,vivaan.more32@example.com,2026-12-22,2026-12-26,Single,2,19515,INR,Cancelled
BKG50567,H115,Nashik,C5244,Sneha Patil,sneha.patil23@example.com,2026-10-05,2026-10-06,Single,5,10011,INR,Confirmed
BKG50568,H101,Pune,C1620,Priya Nagre,priya.nagre95@example.com,2026-11-19,2026-11-22,Double,3,14623,INR,Completed
BKG50569,H113,Jaipur,C2149,Priya Pawar,priya.pawar79@example.com,2026-10-29,2026-10-30,Suite,4,5771,INR,Pending
BKG50570,H113,Mumbai,C1905,Isha Kulkarni,isha.kulkarni90@example.com,2026-12-22,2026-12-23,Deluxe,5,12943,INR,Completed
BKG50571,H106,Jaipur,C1645,Karan Joshi,karan.joshi59@example.com,2026-12-24,2026-12-26,Deluxe,4,5298,INR,Completed
BKG50572,H107,Mumbai,C3293,Vivaan More,vivaan.more14@example.com,2026-10-25,2026-10-26,Double,4,14539,INR,Pending
BKG50573,H115,Mumbai,C1269,Priya Jadhav,priya.jadhav14@example.com,2026-11-13,2026-11-14,Deluxe,1,15087,INR,Cancelled
BKG50574,H115,Nashik,C9792,Isha Jadhav,isha.jadhav29@example.com,2026-12-14,2026-12-16,Single,1,6439,INR,Confirmed
BKG50575,H102,Pune,C4977,Priya Kale,priya.kale99@example.com,2026-12-23,2026-12-25,Single,2,22531,INR,Pending
BKG50576,H120,Hyderabad,C3797,Vivaan More,vivaan.more85@example.com,2026-10-09,2026-10-16,Single,1,18090,INR,Confirmed
BKG50577,H111,Pune,C7587,Rohan Pawar,rohan.pawar51@example.com,2026-10-16,2026-10-22,Double,3,8787,INR,Cancelled
BKG50578,H104,Nashik,C5488,Arjun Patil,arjun.patil28@example.com,2026-11-23,2026-11-25,Deluxe,5,7206,INR,Cancelled
BKG50579,H105,Mumbai,C2638,Sneha Sharma,sneha.sharma90@example.com,2026-12-18,2026-12-22,Double,1,17756,INR,Confirmed
BKG50580,H103,Bengaluru,C5649,Aarav Nagre,aarav.nagre63@example.com,2026-12-28,2027-01-04,Suite,2,8555,INR,Pending
BKG50581,H114,Nashik,C4920,Ananya More,ananya.more32@example.com,2026-12-18,2026-12-24,Single,5,7698,INR,Confirmed
BKG50582,H112,Mumbai,C7862,Isha Kulkarni,isha.kulkarni10@example.com,2026-12-11,2026-12-13,Double,1,19173,INR,Pending
BKG50583,H108,Mumbai,C8606,Ananya Jadhav,ananya.jadhav90@example.com,2026-12-24,2026-12-26,Deluxe,1,8147,INR,Cancelled
BKG50584,H116,Hyderabad,C3889,Isha More,isha.more30@example.com,2026-12-25,2026-12-26,Single,3,11140,INR,Completed
BKG50585,H120,Bengaluru,C8425,Karan Deshmukh,karan.deshmukh15@example.com,2026-10-14,2026-10-20,Single,5,7563,INR,Confirmed
BKG50586,H104,Jaipur,C2161,Priya Jadhav,priya.jadhav40@example.com,2026-11-26,2026-12-01,Deluxe,4,8312,INR,Cancelled
BKG50587,H108,Mumbai,C2607,Vivaan Deshmukh,vivaan.deshmukh40@example.com,2026-11-22,2026-11-29,Double,4,9030,INR,Completed
BKG50588,H102,Jaipur,C8142,Sneha More,sneha.more28@example.com,2026-10-28,2026-11-02,Suite,2,14492,INR,Cancelled
BKG50589,H112,Delhi,C5419,Priya Joshi,priya.joshi35@example.com,2026-11-12,2026-11-14,Single,5,3754,INR,Cancelled
BKG50590,H115,Bengaluru,C7853,Vivaan More,vivaan.more31@example.com,2026-11-13,2026-11-15,Deluxe,5,6937,INR,Cancelled
BKG50591,H117,Chennai,C9016,Vivaan Pawar,vivaan.pawar37@example.com,2026-12-15,2026-12-19,Suite,3,2275,INR,Cancelled
BKG50592,H114,Pune,C4644,Rohan Deshmukh,rohan.deshmukh85@example.com,2026-10-20,2026-10-25,Single,4,3249,INR,Completed
BKG50593,H102,Hyderabad,C7975,Meera Jadhav,meera.jadhav77@example.com,2026-11-20,2026-11-24,Single,4,18029,INR,Confirmed
BKG50594,H114,Nashik,C4572,Ananya Sharma,ananya.sharma26@example.com,2026-11-15,2026-11-18,Double,1,2321,INR,Pending
BKG50595,H119,Jaipur,C1400,Aditya More,aditya.more68@example.com,2026-11-29,2026-12-06,Double,4,7860,INR,Completed
BKG50596,H103,Delhi,C7306,Meera Sharma,meera.sharma98@example.com,2026-11-12,2026-11-17,Single,3,15755,INR,Cancelled
BKG50597,H120,Chennai,C6501,Isha Patil,isha.patil17@example.com,2026-12-05,2026-12-11,Deluxe,1,5436,INR,Pending
BKG50598,H102,Bengaluru,C6990,Priya Kale,priya.kale56@example.com,2026-10-23,2026-10-29,Single,5,8508,INR,Pending
BKG50599,H104,Delhi,C8840,Rohan Jadhav,rohan.jadhav84@example.com,2026-12-29,2026-12-31,Double,3,13357,INR,Completed
BKG50600,H103,Delhi,C7109,Karan Sharma,karan.sharma54@example.com,2026-11-27,2026-12-01,Single,4,19229,INR,Completed
BKG50601,H103,Mumbai,C4086,Sneha Deshmukh,sneha.deshmukh68@example.com,2026-10-12,2026-10-13,Suite,2,11249,INR,Confirmed
BKG50602,H104,Pune,C3425,Aditya Kulkarni,aditya.kulkarni73@example.com,2026-10-20,2026-10-27,Double,5,22354,INR,Pending
BKG50603,H105,Mumbai,C8765,Neha Jadhav,neha.jadhav54@example.com,2026-11-23,2026-11-27,Single,3,7995,INR,Confirmed
BKG50604,H111,Nashik,C7746,Rohan Jadhav,rohan.jadhav84@example.com,2026-11-13,2026-11-19,Deluxe,4,21243,INR,Completed
BKG50605,H105,Pune,C6022,Karan Kale,karan.kale31@example.com,2026-11-03,2026-11-05,Suite,3,11241,INR,Cancelled
BKG50606,H115,Bengaluru,C3726,Arjun Kulkarni,arjun.kulkarni89@example.com,2026-10-21,2026-10-27,Deluxe,2,7546,INR,Cancelled
BKG50607,H102,Hyderabad,C6188,Rohan Patil,rohan.patil83@example.com,2026-10-17,2026-10-21,Deluxe,3,7845,INR,Confirmed
BKG50608,H112,Mumbai,C3424,Isha Deshmukh,isha.deshmukh57@example.com,2026-11-27,2026-12-02,Double,5,11681,INR,Confirmed
BKG50609,H105,Delhi,C8505,Neha More,neha.more50@example.com,2026-10-20,2026-10-21,Deluxe,3,17329,INR,Cancelled
BKG50610,H111,Chennai,C2841,Sneha More,sneha.more71@example.com,2026-10-06,2026-10-08,Single,3,2612,INR,Cancelled
BKG50611,H103,Hyderabad,C6348,Priya Deshmukh,priya.deshmukh17@example.com,2026-12-17,2026-12-23,Double,5,19050,INR,Pending
BKG50612,H103,Hyderabad,C9822,Rohan Sharma,rohan.sharma67@example.com,2026-12-26,2027-01-01,Single,5,14724,INR,Completed
BKG50613,H120,Jaipur,C9382,Arjun Kale,arjun.kale17@example.com,2026-12-25,2026-12-28,Suite,2,15812,INR,Completed
BKG50614,H110,Chennai,C6652,Arjun Sharma,arjun.sharma54@example.com,2026-11-09,2026-11-13,Single,2,16356,INR,Completed
BKG50615,H114,Delhi,C7787,Karan Nagre,karan.nagre27@example.com,2026-12-15,2026-12-20,Single,2,8608,INR,Completed
BKG50616,H103,Nashik,C7157,Ananya Deshmukh,ananya.deshmukh21@example.com,2026-10-01,2026-10-05,Deluxe,4,7530,INR,Cancelled
BKG50617,H113,Nashik,C5743,Rohan Nagre,rohan.nagre80@example.com,2026-12-02,2026-12-03,Deluxe,5,11758,INR,Completed
BKG50618,H101,Delhi,C3524,Rohan Sharma,rohan.sharma43@example.com,2026-11-08,2026-11-14,Suite,1,23224,INR,Completed
BKG50619,H108,Nashik,C1467,Aditya More,aditya.more25@example.com,2026-11-05,2026-11-09,Single,5,13654,INR,Completed
BKG50620,H104,Pune,C7115,Karan More,karan.more75@example.com,2026-12-13,2026-12-14,Deluxe,2,20859,INR,Cancelled
BKG50621,H105,Jaipur,C6856,Arjun More,arjun.more30@example.com,2026-10-07,2026-10-10,Deluxe,4,22648,INR,Confirmed
BKG50622,H117,Bengaluru,C2259,Karan Kulkarni,karan.kulkarni75@example.com,2026-10-25,2026-11-01,Double,1,21420,INR,Pending
BKG50623,H109,Bengaluru,C6940,Arjun Kulkarni,arjun.kulkarni22@example.com,2026-12-08,2026-12-13,Deluxe,2,2222,INR,Pending
BKG50624,H114,Hyderabad,C6576,Arjun More,arjun.more30@example.com,2026-10-14,2026-10-16,Double,5,9045,INR,Confirmed
BKG50625,H103,Jaipur,C2910,Neha More,neha.more26@example.com,2026-10-03,2026-10-07,Deluxe,3,24444,INR,Cancelled
BKG50626,H117,Bengaluru,C6605,Priya Kale,priya.kale32@example.com,2026-12-30,2027-01-02,Single,1,9086,INR,Cancelled
BKG50627,H110,Pune,C3054,Meera Joshi,meera.joshi36@example.com,2026-10-17,2026-10-18,Suite,1,4347,INR,Completed
BKG50628,H107,Delhi,C2767,Neha Sharma,neha.sharma14@example.com,2026-12-24,2026-12-29,Single,4,5696,INR,Confirmed
BKG50629,H101,Jaipur,C2582,Vivaan Kulkarni,vivaan.kulkarni25@example.com,2026-12-17,2026-12-19,Double,2,23774,INR,Confirmed
BKG50630,H109,Mumbai,C6699,Vivaan Nagre,vivaan.nagre55@example.com,2026-10-21,2026-10-28,Double,5,20485,INR,Confirmed
BKG50631,H117,Nashik,C4556,Sneha Sharma,sneha.sharma34@example.com,2026-11-06,2026-11-08,Single,1,8812,INR,Pending
BKG50632,H106,Hyderabad,C8204,Meera Kale,meera.kale96@example.com,2026-10-14,2026-10-16,Deluxe,4,15696,INR,Cancelled
BKG50633,H111,Delhi,C3026,Neha Patil,neha.patil69@example.com,2026-10-15,2026-10-20,Double,4,13637,INR,Confirmed
BKG50634,H116,Chennai,C2896,Vivaan Deshmukh,vivaan.deshmukh59@example.com,2026-11-06,2026-11-10,Deluxe,4,9201,INR,Pending
BKG50635,H103,Mumbai,C8794,Neha Joshi,neha.joshi96@example.com,2026-11-17,2026-11-19,Single,4,23823,INR,Completed
BKG50636,H103,Jaipur,C2954,Priya Jadhav,priya.jadhav28@example.com,2026-11-20,2026-11-24,Single,2,3920,INR,Cancelled
BKG50637,H120,Delhi,C7624,Arjun Joshi,arjun.joshi25@example.com,2026-10-30,2026-11-06,Suite,4,10926,INR,Completed
BKG50638,H120,Mumbai,C7627,Arjun More,arjun.more72@example.com,2026-12-05,2026-12-08,Double,4,5340,INR,Pending
BKG50639,H108,Pune,C3206,Priya More,priya.more13@example.com,2026-10-13,2026-10-19,Single,1,18122,INR,Cancelled
BKG50640,H111,Nashik,C3503,Neha Kale,neha.kale48@example.com,2026-12-19,2026-12-24,Single,1,23462,INR,Completed
BKG50641,H116,Pune,C9033,Rohan Kulkarni,rohan.kulkarni74@example.com,2026-11-03,2026-11-08,Deluxe,5,19711,INR,Confirmed
BKG50642,H113,Bengaluru,C8375,Neha Patil,neha.patil50@example.com,2026-11-18,2026-11-22,Suite,1,2876,INR,Pending
BKG50643,H116,Nashik,C8057,Meera Nagre,meera.nagre27@example.com,2026-11-09,2026-11-15,Suite,4,5384,INR,Completed
BKG50644,H106,Jaipur,C9302,Priya Jadhav,priya.jadhav17@example.com,2026-11-20,2026-11-23,Suite,5,14179,INR,Pending
BKG50645,H101,Mumbai,C1740,Arjun Sharma,arjun.sharma26@example.com,2026-11-16,2026-11-19,Single,3,14270,INR,Completed
BKG50646,H114,Delhi,C6756,Arjun Deshmukh,arjun.deshmukh17@example.com,2026-12-24,2026-12-26,Double,2,23036,INR,Confirmed
BKG50647,H110,Chennai,C2876,Meera Patil,meera.patil53@example.com,2026-10-22,2026-10-23,Deluxe,1,16903,INR,Completed
BKG50648,H116,Mumbai,C1365,Karan Sharma,karan.sharma50@example.com,2026-11-18,2026-11-23,Suite,3,20560,INR,Completed
BKG50649,H111,Jaipur,C9139,Vivaan Joshi,vivaan.joshi74@example.com,2026-12-25,2026-12-28,Double,5,11614,INR,Completed
BKG50650,H103,Chennai,C9780,Rohan More,rohan.more37@example.com,2026-11-06,2026-11-09,Single,3,20593,INR,Cancelled
BKG50651,H119,Nashik,C2553,Sneha Patil,sneha.patil85@example.com,2026-11-13,2026-11-16,Single,5,19201,INR,Completed
BKG50652,H103,Chennai,C5946,Rohan Deshmukh,rohan.deshmukh74@example.com,2026-11-08,2026-11-12,Deluxe,2,15376,INR,Pending
BKG50653,H115,Hyderabad,C9972,Sneha Jadhav,sneha.jadhav33@example.com,2026-10-03,2026-10-09,Double,5,18157,INR,Completed
BKG50654,H120,Bengaluru,C8107,Karan Jadhav,karan.jadhav82@example.com,2026-12-20,2026-12-21,Double,3,16954,INR,Cancelled
BKG50655,H114,Delhi,C7722,Aditya Kulkarni,aditya.kulkarni50@example.com,2026-10-09,2026-10-15,Double,4,10546,INR,Cancelled
BKG50656,H108,Delhi,C7650,Karan Kale,karan.kale40@example.com,2026-10-15,2026-10-17,Double,1,9847,INR,Completed
BKG50657,H114,Pune,C7915,Priya Jadhav,priya.jadhav92@example.com,2026-10-05,2026-10-07,Double,3,6270,INR,Pending
BKG50658,H106,Delhi,C1692,Karan Jadhav,karan.jadhav72@example.com,2026-10-03,2026-10-04,Single,3,21513,INR,Confirmed
BKG50659,H103,Delhi,C7503,Neha Deshmukh,neha.deshmukh27@example.com,2026-10-31,2026-11-01,Single,5,23565,INR,Completed
BKG50660,H120,Hyderabad,C3004,Vivaan Joshi,vivaan.joshi50@example.com,2026-11-12,2026-11-19,Suite,2,15656,INR,Cancelled
BKG50661,H107,Jaipur,C5499,Vivaan Nagre,vivaan.nagre66@example.com,2026-11-22,2026-11-25,Single,4,19280,INR,Confirmed
BKG50662,H114,Jaipur,C8781,Arjun Jadhav,arjun.jadhav97@example.com,2026-11-01,2026-11-04,Double,3,17372,INR,Pending
BKG50663,H102,Delhi,C1896,Aarav Kale,aarav.kale98@example.com,2026-12-25,2026-12-27,Deluxe,5,14405,INR,Pending
BKG50664,H118,Mumbai,C4873,Isha Patil,isha.patil66@example.com,2026-11-19,2026-11-20,Suite,3,11659,INR,Cancelled
BKG50665,H106,Mumbai,C8191,Karan Joshi,karan.joshi90@example.com,2026-11-10,2026-11-17,Suite,1,10779,INR,Completed
BKG50666,H111,Jaipur,C7921,Priya Pawar,priya.pawar22@example.com,2026-10-21,2026-10-27,Deluxe,5,3974,INR,Completed
BKG50667,H111,Nashik,C8427,Sneha Jadhav,sneha.jadhav98@example.com,2026-10-04,2026-10-11,Single,2,22448,INR,Cancelled
BKG50668,H107,Bengaluru,C6007,Aarav Pawar,aarav.pawar50@example.com,2026-12-13,2026-12-14,Single,2,9979,INR,Completed
BKG50669,H116,Mumbai,C3188,Arjun More,arjun.more43@example.com,2026-10-23,2026-10-29,Deluxe,3,8309,INR,Completed
BKG50670,H113,Hyderabad,C7183,Arjun Nagre,arjun.nagre83@example.com,2026-10-29,2026-10-30,Single,5,23004,INR,Confirmed
BKG50671,H109,Bengaluru,C3765,Priya Joshi,priya.joshi16@example.com,2026-11-21,2026-11-26,Suite,5,10324,INR,Confirmed
BKG50672,H119,Hyderabad,C2923,Arjun Nagre,arjun.nagre11@example.com,2026-12-07,2026-12-11,Suite,4,5683,INR,Cancelled
BKG50673,H110,Delhi,C9097,Rohan Kulkarni,rohan.kulkarni58@example.com,2026-10-17,2026-10-21,Double,5,8863,INR,Cancelled
BKG50674,H114,Hyderabad,C3392,Neha Nagre,neha.nagre13@example.com,2026-11-07,2026-11-10,Double,5,16577,INR,Pending
BKG50675,H103,Hyderabad,C1170,Sneha More,sneha.more70@example.com,2026-10-18,2026-10-25,Deluxe,4,24306,INR,Completed
BKG50676,H120,Hyderabad,C5199,Meera Pawar,meera.pawar19@example.com,2026-10-13,2026-10-18,Single,1,12707,INR,Completed
BKG50677,H120,Jaipur,C1746,Arjun Kale,arjun.kale10@example.com,2026-11-02,2026-11-07,Suite,3,14733,INR,Cancelled
BKG50678,H119,Bengaluru,C3939,Ananya Sharma,ananya.sharma43@example.com,2026-10-22,2026-10-27,Suite,3,17138,INR,Confirmed
BKG50679,H114,Delhi,C3324,Arjun Jadhav,arjun.jadhav43@example.com,2026-10-15,2026-10-18,Single,2,18158,INR,Pending
BKG50680,H109,Bengaluru,C5322,Neha Kulkarni,neha.kulkarni76@example.com,2026-11-10,2026-11-14,Double,3,17898,INR,Completed
BKG50681,H105,Nashik,C1895,Aarav Joshi,aarav.joshi39@example.com,2026-10-24,2026-10-25,Suite,3,7159,INR,Completed
BKG50682,H102,Mumbai,C8234,Vivaan More,vivaan.more55@example.com,2026-12-30,2027-01-04,Suite,4,17954,INR,Cancelled
BKG50683,H103,Hyderabad,C4338,Vivaan Deshmukh,vivaan.deshmukh46@example.com,2026-10-24,2026-10-31,Double,5,10738,INR,Confirmed
BKG50684,H106,Pune,C7823,Ananya Kale,ananya.kale19@example.com,2026-11-01,2026-11-08,Suite,1,12569,INR,Pending
BKG50685,H113,Mumbai,C7121,Isha Patil,isha.patil85@example.com,2026-10-14,2026-10-21,Deluxe,2,2746,INR,Completed
BKG50686,H115,Nashik,C5413,Meera More,meera.more86@example.com,2026-12-24,2026-12-25,Deluxe,1,23301,INR,Pending
BKG50687,H105,Chennai,C4464,Meera Kale,meera.kale16@example.com,2026-12-22,2026-12-25,Deluxe,1,4117,INR,Confirmed
BKG50688,H106,Chennai,C4934,Neha Kulkarni,neha.kulkarni61@example.com,2026-10-12,2026-10-13,Double,2,14530,INR,Pending
BKG50689,H104,Jaipur,C5892,Isha Nagre,isha.nagre72@example.com,2026-11-25,2026-12-01,Deluxe,5,6102,INR,Confirmed
BKG50690,H107,Chennai,C9022,Arjun Jadhav,arjun.jadhav67@example.com,2026-11-19,2026-11-23,Deluxe,5,21471,INR,Confirmed
BKG50691,H120,Jaipur,C4054,Neha Deshmukh,neha.deshmukh65@example.com,2026-12-20,2026-12-24,Single,1,18621,INR,Completed
BKG50692,H105,Chennai,C9116,Isha Joshi,isha.joshi77@example.com,2026-12-20,2026-12-26,Single,3,17142,INR,Confirmed
BKG50693,H105,Delhi,C3094,Priya Kulkarni,priya.kulkarni97@example.com,2026-11-08,2026-11-15,Double,5,15815,INR,Confirmed
BKG50694,H102,Delhi,C9412,Ananya Patil,ananya.patil23@example.com,2026-12-05,2026-12-09,Suite,1,17025,INR,Pending
BKG50695,H103,Chennai,C9249,Karan Kale,karan.kale12@example.com,2026-10-15,2026-10-21,Suite,2,7770,INR,Confirmed
BKG50696,H110,Jaipur,C6144,Vivaan Pawar,vivaan.pawar85@example.com,2026-11-28,2026-12-05,Suite,5,10485,INR,Cancelled
BKG50697,H103,Mumbai,C5249,Rohan Nagre,rohan.nagre96@example.com,2026-10-14,2026-10-18,Single,1,14741,INR,Confirmed
BKG50698,H115,Jaipur,C7638,Aditya More,aditya.more94@example.com,2026-12-17,2026-12-23,Suite,3,22066,INR,Completed
BKG50699,H105,Hyderabad,C3214,Karan Patil,karan.patil11@example.com,2026-10-25,2026-10-26,Single,2,2678,INR,Completed
BKG50700,H108,Bengaluru,C8140,Isha Nagre,isha.nagre90@example.com,2026-12-08,2026-12-10,Single,3,16985,INR,Completed
BKG50701,H104,Nashik,C3722,Neha Sharma,neha.sharma29@example.com,2026-12-29,2027-01-02,Suite,4,2443,INR,Cancelled
BKG50702,H119,Nashik,C7419,Rohan Kulkarni,rohan.kulkarni16@example.com,2026-11-12,2026-11-13,Single,4,15421,INR,Pending
BKG50703,H113,Pune,C8965,Aarav More,aarav.more75@example.com,2026-12-15,2026-12-21,Suite,2,3789,INR,Completed
BKG50704,H118,Jaipur,C2041,Sneha Deshmukh,sneha.deshmukh44@example.com,2026-12-22,2026-12-26,Suite,1,18013,INR,Completed
BKG50705,H101,Hyderabad,C3644,Meera Pawar,meera.pawar46@example.com,2026-10-25,2026-10-29,Deluxe,4,9405,INR,Pending
BKG50706,H105,Hyderabad,C5807,Sneha More,sneha.more59@example.com,2026-11-23,2026-11-30,Deluxe,4,7109,INR,Pending
BKG50707,H116,Nashik,C3116,Meera Patil,meera.patil32@example.com,2026-10-26,2026-10-28,Suite,1,15430,INR,Pending
BKG50708,H118,Pune,C1771,Rohan Joshi,rohan.joshi12@example.com,2026-11-15,2026-11-18,Deluxe,2,7525,INR,Confirmed
BKG50709,H104,Jaipur,C4715,Arjun Pawar,arjun.pawar25@example.com,2026-12-11,2026-12-13,Suite,3,12951,INR,Confirmed
BKG50710,H105,Mumbai,C9445,Ananya Kulkarni,ananya.kulkarni87@example.com,2026-12-25,2026-12-26,Single,4,16779,INR,Confirmed
BKG50711,H104,Bengaluru,C1688,Sneha Kale,sneha.kale74@example.com,2026-10-14,2026-10-16,Single,2,13650,INR,Pending
BKG50712,H117,Mumbai,C9166,Meera More,meera.more22@example.com,2026-10-20,2026-10-26,Deluxe,3,6314,INR,Cancelled
BKG50713,H101,Jaipur,C5020,Priya Pawar,priya.pawar70@example.com,2026-11-13,2026-11-16,Double,1,10516,INR,Completed
BKG50714,H105,Nashik,C9678,Arjun Joshi,arjun.joshi63@example.com,2026-10-30,2026-11-01,Suite,4,15212,INR,Pending
BKG50715,H105,Bengaluru,C1163,Aarav More,aarav.more76@example.com,2026-10-09,2026-10-10,Deluxe,3,14961,INR,Completed
BKG50716,H102,Delhi,C3474,Aarav Pawar,aarav.pawar83@example.com,2026-10-08,2026-10-14,Deluxe,4,14972,INR,Pending
BKG50717,H109,Hyderabad,C9648,Arjun Sharma,arjun.sharma88@example.com,2026-10-19,2026-10-25,Suite,4,22898,INR,Completed
BKG50718,H113,Delhi,C4233,Meera Deshmukh,meera.deshmukh48@example.com,2026-10-11,2026-10-12,Deluxe,4,5928,INR,Cancelled
BKG50719,H118,Delhi,C6116,Vivaan Jadhav,vivaan.jadhav76@example.com,2026-11-13,2026-11-20,Double,1,2713,INR,Cancelled
BKG50720,H117,Mumbai,C2810,Karan Pawar,karan.pawar17@example.com,2026-11-17,2026-11-20,Deluxe,1,3364,INR,Completed
BKG50721,H101,Delhi,C8425,Karan Kale,karan.kale53@example.com,2026-10-31,2026-11-07,Double,3,11604,INR,Cancelled
BKG50722,H117,Mumbai,C5058,Meera Pawar,meera.pawar23@example.com,2026-11-11,2026-11-16,Double,3,16686,INR,Cancelled
BKG50723,H114,Nashik,C2343,Meera Pawar,meera.pawar21@example.com,2026-10-08,2026-10-12,Double,4,8838,INR,Confirmed
BKG50724,H113,Nashik,C9503,Arjun Jadhav,arjun.jadhav60@example.com,2026-11-03,2026-11-08,Suite,4,16220,INR,Completed
BKG50725,H117,Nashik,C3083,Aditya Nagre,aditya.nagre72@example.com,2026-11-28,2026-11-30,Single,2,16723,INR,Confirmed
BKG50726,H118,Jaipur,C7052,Meera Nagre,meera.nagre25@example.com,2026-12-17,2026-12-24,Suite,1,5760,INR,Pending
BKG50727,H105,Pune,C2930,Aarav Jadhav,aarav.jadhav57@example.com,2026-11-09,2026-11-12,Deluxe,3,17722,INR,Cancelled
BKG50728,H114,Mumbai,C1798,Aditya Kale,aditya.kale49@example.com,2026-11-06,2026-11-08,Double,4,1868,INR,Pending
BKG50729,H114,Nashik,C8884,Vivaan Sharma,vivaan.sharma83@example.com,2026-11-09,2026-11-14,Suite,3,14163,INR,Cancelled
BKG50730,H115,Chennai,C8372,Aditya Jadhav,aditya.jadhav95@example.com,2026-11-27,2026-11-29,Deluxe,1,22272,INR,Completed
BKG50731,H111,Pune,C9864,Rohan Pawar,rohan.pawar15@example.com,2026-12-25,2026-12-29,Deluxe,1,7226,INR,Pending
BKG50732,H118,Hyderabad,C2396,Ananya Patil,ananya.patil34@example.com,2026-12-19,2026-12-24,Single,5,18896,INR,Completed
BKG50733,H104,Nashik,C9714,Ananya Sharma,ananya.sharma33@example.com,2026-10-03,2026-10-06,Double,2,24921,INR,Confirmed
BKG50734,H111,Bengaluru,C7584,Ananya Kale,ananya.kale85@example.com,2026-10-06,2026-10-10,Single,3,16120,INR,Completed
BKG50735,H111,Delhi,C7259,Aarav Jadhav,aarav.jadhav42@example.com,2026-10-12,2026-10-13,Single,5,7310,INR,Cancelled
BKG50736,H103,Jaipur,C3527,Aditya Kulkarni,aditya.kulkarni49@example.com,2026-11-22,2026-11-28,Double,1,21935,INR,Cancelled
BKG50737,H110,Chennai,C7389,Aarav Sharma,aarav.sharma22@example.com,2026-11-10,2026-11-12,Suite,3,10251,INR,Confirmed
BKG50738,H108,Pune,C4875,Aarav Joshi,aarav.joshi73@example.com,2026-12-05,2026-12-12,Suite,1,10624,INR,Pending
BKG50739,H114,Mumbai,C2073,Priya Jadhav,priya.jadhav71@example.com,2026-10-04,2026-10-08,Double,1,10619,INR,Cancelled
BKG50740,H110,Bengaluru,C7665,Ananya Nagre,ananya.nagre67@example.com,2026-10-11,2026-10-18,Double,2,14032,INR,Cancelled
BKG50741,H118,Bengaluru,C8402,Ananya Pawar,ananya.pawar15@example.com,2026-10-01,2026-10-08,Suite,5,11278,INR,Confirmed
BKG50742,H109,Delhi,C5111,Aarav More,aarav.more97@example.com,2026-11-18,2026-11-21,Double,5,18522,INR,Confirmed
BKG50743,H119,Delhi,C2146,Aditya Jadhav,aditya.jadhav48@example.com,2026-10-12,2026-10-16,Single,2,20034,INR,Completed
BKG50744,H117,Hyderabad,C6216,Rohan Kale,rohan.kale97@example.com,2026-11-13,2026-11-19,Deluxe,4,10746,INR,Pending
BKG50745,H115,Pune,C6382,Arjun Joshi,arjun.joshi12@example.com,2026-12-28,2026-12-30,Single,5,17414,INR,Confirmed
BKG50746,H114,Nashik,C9012,Isha Nagre,isha.nagre60@example.com,2026-12-08,2026-12-09,Single,5,2814,INR,Confirmed
BKG50747,H120,Jaipur,C6865,Arjun Pawar,arjun.pawar59@example.com,2026-10-23,2026-10-30,Single,1,16961,INR,Cancelled
BKG50748,H108,Delhi,C1325,Priya Sharma,priya.sharma45@example.com,2026-12-27,2027-01-02,Deluxe,2,4748,INR,Cancelled
BKG50749,H112,Chennai,C1603,Rohan More,rohan.more45@example.com,2026-12-03,2026-12-09,Double,1,8225,INR,Confirmed
BKG50750,H117,Bengaluru,C9094,Karan Kale,karan.kale31@example.com,2026-12-10,2026-12-12,Double,1,21072,INR,Confirmed
BKG50751,H119,Delhi,C4735,Aditya Kulkarni,aditya.kulkarni76@example.com,2026-11-05,2026-11-07,Single,5,21934,INR,Completed
BKG50752,H102,Nashik,C6293,Aarav Pawar,aarav.pawar65@example.com,2026-11-22,2026-11-25,Single,5,17089,INR,Pending
BKG50753,H108,Chennai,C1770,Ananya Sharma,ananya.sharma45@example.com,2026-11-23,2026-11-28,Suite,3,1969,INR,Cancelled
BKG50754,H119,Bengaluru,C1416,Arjun Patil,arjun.patil38@example.com,2026-12-28,2027-01-01,Single,2,8251,INR,Pending
BKG50755,H104,Jaipur,C1457,Karan Patil,karan.patil71@example.com,2026-11-25,2026-12-02,Single,5,22322,INR,Pending
BKG50756,H116,Mumbai,C4906,Rohan Patil,rohan.patil53@example.com,2026-10-07,2026-10-14,Deluxe,5,9557,INR,Completed
BKG50757,H119,Mumbai,C3046,Vivaan More,vivaan.more20@example.com,2026-10-08,2026-10-09,Suite,3,24520,INR,Cancelled
BKG50758,H102,Pune,C5940,Aarav More,aarav.more88@example.com,2026-12-20,2026-12-24,Single,1,24002,INR,Confirmed
BKG50759,H113,Nashik,C2571,Karan Pawar,karan.pawar89@example.com,2026-11-22,2026-11-24,Single,4,14380,INR,Completed
BKG50760,H104,Jaipur,C6565,Sneha Kale,sneha.kale93@example.com,2026-12-26,2027-01-02,Single,4,18748,INR,Cancelled
BKG50761,H101,Jaipur,C2107,Vivaan Patil,vivaan.patil85@example.com,2026-10-25,2026-10-30,Double,5,10197,INR,Completed
BKG50762,H115,Delhi,C4047,Priya Kale,priya.kale41@example.com,2026-10-18,2026-10-25,Single,1,5983,INR,Completed
BKG50763,H110,Delhi,C9867,Ananya Deshmukh,ananya.deshmukh28@example.com,2026-10-19,2026-10-23,Deluxe,5,13036,INR,Pending
BKG50764,H119,Hyderabad,C3370,Aarav Jadhav,aarav.jadhav17@example.com,2026-10-31,2026-11-05,Single,4,13066,INR,Cancelled
BKG50765,H103,Jaipur,C6596,Isha Joshi,isha.joshi34@example.com,2026-12-25,2026-12-29,Suite,5,24489,INR,Pending
BKG50766,H114,Pune,C6385,Sneha Kulkarni,sneha.kulkarni30@example.com,2026-10-14,2026-10-18,Single,4,8989,INR,Cancelled
BKG50767,H115,Chennai,C4493,Meera Joshi,meera.joshi40@example.com,2026-12-01,2026-12-07,Deluxe,4,8527,INR,Cancelled
BKG50768,H101,Nashik,C2209,Aarav Deshmukh,aarav.deshmukh55@example.com,2026-10-04,2026-10-09,Single,2,11321,INR,Cancelled
BKG50769,H112,Delhi,C1720,Isha Kale,isha.kale13@example.com,2026-10-26,2026-10-28,Deluxe,2,8974,INR,Cancelled
BKG50770,H108,Bengaluru,C3926,Arjun Jadhav,arjun.jadhav35@example.com,2026-10-03,2026-10-05,Deluxe,1,2487,INR,Completed
BKG50771,H111,Bengaluru,C4445,Isha Patil,isha.patil49@example.com,2026-11-28,2026-11-30,Deluxe,3,23456,INR,Completed
BKG50772,H104,Chennai,C3367,Meera Patil,meera.patil26@example.com,2026-10-25,2026-10-27,Suite,3,12218,INR,Cancelled
BKG50773,H119,Pune,C4099,Aarav Kale,aarav.kale78@example.com,2026-11-07,2026-11-14,Double,3,9899,INR,Pending
BKG50774,H119,Bengaluru,C9012,Aditya Jadhav,aditya.jadhav36@example.com,2026-10-11,2026-10-18,Suite,5,3925,INR,Completed
BKG50775,H112,Nashik,C9169,Isha Jadhav,isha.jadhav76@example.com,2026-11-29,2026-12-01,Deluxe,3,19018,INR,Completed
BKG50776,H119,Hyderabad,C7570,Priya Kulkarni,priya.kulkarni91@example.com,2026-12-14,2026-12-20,Single,2,8993,INR,Completed
BKG50777,H107,Mumbai,C6014,Rohan Pawar,rohan.pawar64@example.com,2026-11-18,2026-11-23,Double,3,10140,INR,Cancelled
BKG50778,H115,Jaipur,C9501,Vivaan Kulkarni,vivaan.kulkarni55@example.com,2026-10-30,2026-11-04,Single,4,18585,INR,Completed
BKG50779,H114,Bengaluru,C7701,Priya More,priya.more57@example.com,2026-12-03,2026-12-06,Deluxe,4,2609,INR,Completed
BKG50780,H103,Mumbai,C6884,Rohan Kulkarni,rohan.kulkarni20@example.com,2026-11-07,2026-11-14,Single,3,9262,INR,Confirmed
BKG50781,H102,Delhi,C9947,Vivaan Deshmukh,vivaan.deshmukh35@example.com,2026-11-12,2026-11-14,Deluxe,3,11719,INR,Cancelled
BKG50782,H105,Chennai,C9899,Meera Kale,meera.kale43@example.com,2026-10-02,2026-10-09,Deluxe,3,13158,INR,Completed
BKG50783,H116,Hyderabad,C9400,Sneha Sharma,sneha.sharma29@example.com,2026-11-20,2026-11-22,Double,2,17346,INR,Completed
BKG50784,H111,Nashik,C2407,Meera More,meera.more50@example.com,2026-10-25,2026-10-29,Suite,2,16174,INR,Confirmed
BKG50785,H119,Chennai,C3103,Arjun Nagre,arjun.nagre49@example.com,2026-10-02,2026-10-06,Deluxe,3,9188,INR,Completed
BKG50786,H118,Jaipur,C5910,Isha Pawar,isha.pawar51@example.com,2026-12-15,2026-12-16,Single,2,6836,INR,Completed
BKG50787,H113,Nashik,C2044,Neha Joshi,neha.joshi78@example.com,2026-11-19,2026-11-21,Suite,1,12575,INR,Pending
BKG50788,H104,Hyderabad,C3911,Vivaan Nagre,vivaan.nagre14@example.com,2026-12-28,2027-01-02,Suite,1,7917,INR,Confirmed
BKG50789,H107,Jaipur,C4819,Neha Kulkarni,neha.kulkarni47@example.com,2026-12-24,2026-12-29,Single,4,3682,INR,Confirmed
BKG50790,H114,Chennai,C7408,Aditya Deshmukh,aditya.deshmukh30@example.com,2026-10-15,2026-10-17,Suite,4,4053,INR,Cancelled
BKG50791,H110,Nashik,C8082,Aditya Joshi,aditya.joshi95@example.com,2026-11-30,2026-12-02,Deluxe,5,8451,INR,Pending
BKG50792,H105,Nashik,C8303,Rohan Sharma,rohan.sharma18@example.com,2026-11-21,2026-11-26,Double,5,12577,INR,Completed
BKG50793,H102,Bengaluru,C2493,Priya Kale,priya.kale46@example.com,2026-12-22,2026-12-26,Deluxe,3,14615,INR,Completed
BKG50794,H120,Chennai,C8080,Rohan Nagre,rohan.nagre68@example.com,2026-11-19,2026-11-25,Double,5,4930,INR,Confirmed
BKG50795,H109,Mumbai,C9811,Rohan Nagre,rohan.nagre47@example.com,2026-12-25,2026-12-26,Double,4,15276,INR,Pending
BKG50796,H117,Pune,C6342,Vivaan Patil,vivaan.patil62@example.com,2026-11-27,2026-11-29,Deluxe,2,18382,INR,Completed
BKG50797,H115,Pune,C7245,Aarav Patil,aarav.patil53@example.com,2026-11-21,2026-11-28,Double,4,3037,INR,Pending
BKG50798,H111,Hyderabad,C8607,Vivaan Nagre,vivaan.nagre72@example.com,2026-11-29,2026-11-30,Single,5,23329,INR,Completed
BKG50799,H109,Mumbai,C3644,Aditya More,aditya.more31@example.com,2026-10-03,2026-10-08,Single,2,11438,INR,Completed
BKG50800,H101,Hyderabad,C5477,Aditya Patil,aditya.patil29@example.com,2026-11-26,2026-11-29,Double,2,2928,INR,Completed
BKG50801,H117,Pune,C2685,Meera Sharma,meera.sharma59@example.com,2026-12-28,2026-12-31,Suite,1,21401,INR,Confirmed
BKG50802,H108,Pune,C7139,Neha Joshi,neha.joshi40@example.com,2026-10-26,2026-10-27,Single,4,2715,INR,Pending
BKG50803,H108,Mumbai,C2583,Rohan Patil,rohan.patil95@example.com,2026-10-22,2026-10-28,Double,1,15421,INR,Pending
BKG50804,H107,Mumbai,C4394,Arjun Jadhav,arjun.jadhav79@example.com,2026-11-20,2026-11-24,Single,2,8805,INR,Pending
BKG50805,H101,Hyderabad,C7589,Arjun Nagre,arjun.nagre93@example.com,2026-11-10,2026-11-11,Suite,2,16833,INR,Confirmed
BKG50806,H120,Nashik,C7046,Isha Kulkarni,isha.kulkarni15@example.com,2026-10-09,2026-10-11,Suite,3,21423,INR,Confirmed
BKG50807,H119,Bengaluru,C3810,Meera Jadhav,meera.jadhav42@example.com,2026-10-13,2026-10-18,Deluxe,4,24013,INR,Pending
BKG50808,H116,Hyderabad,C2107,Aditya Deshmukh,aditya.deshmukh52@example.com,2026-10-03,2026-10-08,Suite,4,18545,INR,Confirmed
BKG50809,H120,Mumbai,C3033,Rohan Sharma,rohan.sharma49@example.com,2026-10-31,2026-11-06,Suite,2,22108,INR,Confirmed
BKG50810,H116,Nashik,C5860,Aditya Deshmukh,aditya.deshmukh35@example.com,2026-10-20,2026-10-24,Double,1,9600,INR,Pending
BKG50811,H111,Jaipur,C1649,Aditya Kulkarni,aditya.kulkarni76@example.com,2026-11-23,2026-11-29,Deluxe,1,9304,INR,Pending
BKG50812,H118,Jaipur,C1886,Rohan Joshi,rohan.joshi95@example.com,2026-11-01,2026-11-08,Double,5,14300,INR,Cancelled
BKG50813,H103,Mumbai,C9056,Priya Sharma,priya.sharma18@example.com,2026-10-25,2026-10-26,Double,2,5914,INR,Cancelled
BKG50814,H107,Hyderabad,C4872,Sneha Jadhav,sneha.jadhav74@example.com,2026-10-11,2026-10-15,Suite,3,7179,INR,Cancelled
BKG50815,H120,Nashik,C5080,Neha Nagre,neha.nagre48@example.com,2026-11-06,2026-11-11,Suite,2,10708,INR,Confirmed
BKG50816,H113,Pune,C3749,Arjun Pawar,arjun.pawar70@example.com,2026-11-26,2026-11-30,Suite,2,17594,INR,Completed
BKG50817,H110,Nashik,C9802,Neha Patil,neha.patil29@example.com,2026-12-10,2026-12-16,Double,3,14266,INR,Pending
BKG50818,H113,Hyderabad,C8879,Priya Kulkarni,priya.kulkarni19@example.com,2026-11-12,2026-11-14,Suite,2,6870,INR,Confirmed
BKG50819,H112,Delhi,C9052,Aarav Jadhav,aarav.jadhav61@example.com,2026-11-23,2026-11-27,Deluxe,4,17841,INR,Confirmed
BKG50820,H104,Nashik,C7305,Neha Sharma,neha.sharma82@example.com,2026-10-21,2026-10-23,Suite,3,13222,INR,Pending
BKG50821,H113,Pune,C7948,Meera Sharma,meera.sharma41@example.com,2026-11-01,2026-11-05,Single,3,22475,INR,Cancelled
BKG50822,H115,Mumbai,C3415,Karan Kale,karan.kale42@example.com,2026-11-01,2026-11-06,Double,1,5625,INR,Completed
BKG50823,H103,Delhi,C9496,Neha Kale,neha.kale34@example.com,2026-11-24,2026-11-26,Suite,3,24470,INR,Completed
BKG50824,H114,Hyderabad,C2457,Sneha Kulkarni,sneha.kulkarni23@example.com,2026-12-21,2026-12-26,Deluxe,2,10615,INR,Completed
BKG50825,H101,Chennai,C3760,Meera Kulkarni,meera.kulkarni72@example.com,2026-10-01,2026-10-02,Single,4,19001,INR,Pending
BKG50826,H106,Bengaluru,C3891,Meera Pawar,meera.pawar57@example.com,2026-10-24,2026-10-30,Double,2,17740,INR,Confirmed
BKG50827,H107,Chennai,C4042,Priya Kale,priya.kale35@example.com,2026-10-08,2026-10-14,Double,2,10298,INR,Completed
BKG50828,H104,Mumbai,C3722,Isha Kale,isha.kale20@example.com,2026-11-07,2026-11-08,Suite,1,10868,INR,Pending
BKG50829,H108,Delhi,C8830,Aarav Kale,aarav.kale72@example.com,2026-12-26,2027-01-02,Single,1,3800,INR,Confirmed
BKG50830,H102,Delhi,C2587,Isha Kale,isha.kale37@example.com,2026-12-06,2026-12-13,Single,4,21558,INR,Completed
BKG50831,H120,Jaipur,C8037,Priya Deshmukh,priya.deshmukh53@example.com,2026-11-17,2026-11-23,Deluxe,3,9651,INR,Completed
BKG50832,H102,Pune,C6834,Neha Kale,neha.kale52@example.com,2026-10-13,2026-10-14,Suite,4,6350,INR,Confirmed
BKG50833,H108,Hyderabad,C7037,Ananya Kulkarni,ananya.kulkarni67@example.com,2026-12-19,2026-12-25,Suite,5,15337,INR,Confirmed
BKG50834,H101,Nashik,C6902,Isha Deshmukh,isha.deshmukh15@example.com,2026-11-11,2026-11-17,Suite,2,21682,INR,Completed
BKG50835,H103,Hyderabad,C6708,Meera Kale,meera.kale64@example.com,2026-11-30,2026-12-06,Single,4,11429,INR,Cancelled
BKG50836,H117,Nashik,C1521,Ananya Kale,ananya.kale26@example.com,2026-12-03,2026-12-10,Single,3,23854,INR,Cancelled
BKG50837,H116,Chennai,C9859,Priya Patil,priya.patil40@example.com,2026-11-01,2026-11-03,Double,1,5256,INR,Confirmed
BKG50838,H113,Bengaluru,C5594,Aditya Deshmukh,aditya.deshmukh38@example.com,2026-11-02,2026-11-08,Suite,1,23606,INR,Completed
BKG50839,H108,Hyderabad,C2060,Vivaan Deshmukh,vivaan.deshmukh92@example.com,2026-11-13,2026-11-17,Suite,5,16118,INR,Cancelled
BKG50840,H110,Jaipur,C2437,Karan Patil,karan.patil24@example.com,2026-10-12,2026-10-15,Double,1,20570,INR,Cancelled
BKG50841,H119,Jaipur,C1028,Arjun Pawar,arjun.pawar49@example.com,2026-10-08,2026-10-13,Double,4,15683,INR,Pending
BKG50842,H117,Delhi,C4640,Isha Nagre,isha.nagre23@example.com,2026-11-20,2026-11-21,Suite,3,6541,INR,Cancelled
BKG50843,H105,Delhi,C5644,Priya More,priya.more28@example.com,2026-12-25,2027-01-01,Single,5,12290,INR,Confirmed
BKG50844,H116,Bengaluru,C4535,Karan Kale,karan.kale73@example.com,2026-11-07,2026-11-13,Suite,1,12716,INR,Cancelled
BKG50845,H102,Chennai,C3934,Meera Joshi,meera.joshi72@example.com,2026-11-20,2026-11-23,Double,1,19754,INR,Pending
BKG50846,H112,Hyderabad,C7413,Neha More,neha.more60@example.com,2026-10-10,2026-10-15,Deluxe,3,24618,INR,Completed
BKG50847,H111,Nashik,C1887,Vivaan Nagre,vivaan.nagre48@example.com,2026-11-28,2026-12-04,Double,5,6307,INR,Completed
BKG50848,H107,Bengaluru,C4574,Karan Nagre,karan.nagre35@example.com,2026-12-23,2026-12-24,Deluxe,5,5140,INR,Completed
BKG50849,H102,Jaipur,C2574,Neha Nagre,neha.nagre55@example.com,2026-11-30,2026-12-02,Single,1,18689,INR,Completed
BKG50850,H108,Bengaluru,C1557,Aditya Pawar,aditya.pawar25@example.com,2026-10-31,2026-11-04,Suite,3,24343,INR,Completed
BKG50851,H115,Mumbai,C7261,Meera Patil,meera.patil45@example.com,2026-12-20,2026-12-26,Suite,3,2180,INR,Confirmed
BKG50852,H116,Mumbai,C9352,Vivaan Patil,vivaan.patil38@example.com,2026-10-03,2026-10-08,Suite,3,24532,INR,Cancelled
BKG50853,H114,Bengaluru,C5889,Neha More,neha.more83@example.com,2026-10-17,2026-10-18,Deluxe,1,19413,INR,Completed
BKG50854,H113,Mumbai,C9789,Meera Sharma,meera.sharma77@example.com,2026-12-02,2026-12-03,Single,2,23380,INR,Cancelled
BKG50855,H101,Bengaluru,C8328,Sneha Nagre,sneha.nagre50@example.com,2026-10-16,2026-10-17,Double,5,8557,INR,Confirmed
BKG50856,H102,Chennai,C2387,Ananya Kulkarni,ananya.kulkarni25@example.com,2026-12-04,2026-12-07,Deluxe,5,7423,INR,Confirmed
BKG50857,H102,Nashik,C9511,Rohan Kulkarni,rohan.kulkarni47@example.com,2026-12-24,2026-12-29,Suite,2,20709,INR,Pending
BKG50858,H120,Pune,C9819,Ananya Deshmukh,ananya.deshmukh75@example.com,2026-10-27,2026-11-02,Single,1,9569,INR,Cancelled
BKG50859,H107,Chennai,C3199,Aditya Kulkarni,aditya.kulkarni87@example.com,2026-12-10,2026-12-12,Deluxe,3,6010,INR,Confirmed
BKG50860,H109,Chennai,C7256,Ananya Kulkarni,ananya.kulkarni93@example.com,2026-10-21,2026-10-25,Suite,1,10128,INR,Cancelled
BKG50861,H103,Bengaluru,C5414,Ananya Joshi,ananya.joshi91@example.com,2026-12-29,2027-01-04,Double,3,20269,INR,Completed
BKG50862,H114,Mumbai,C7209,Aditya Deshmukh,aditya.deshmukh13@example.com,2026-12-17,2026-12-19,Single,3,5883,INR,Completed
BKG50863,H103,Mumbai,C6945,Vivaan Deshmukh,vivaan.deshmukh52@example.com,2026-11-04,2026-11-06,Double,3,2123,INR,Completed
BKG50864,H104,Mumbai,C3024,Rohan Pawar,rohan.pawar32@example.com,2026-12-07,2026-12-13,Deluxe,5,17843,INR,Pending
BKG50865,H110,Bengaluru,C5441,Meera Kale,meera.kale87@example.com,2026-10-13,2026-10-14,Double,3,14565,INR,Pending
BKG50866,H118,Bengaluru,C7598,Meera Jadhav,meera.jadhav71@example.com,2026-12-15,2026-12-17,Deluxe,1,24300,INR,Cancelled
BKG50867,H119,Nashik,C5381,Aditya Pawar,aditya.pawar16@example.com,2026-12-21,2026-12-24,Double,5,15505,INR,Cancelled
BKG50868,H115,Mumbai,C9229,Priya Deshmukh,priya.deshmukh46@example.com,2026-11-05,2026-11-09,Double,3,22628,INR,Pending
BKG50869,H103,Mumbai,C2303,Neha Deshmukh,neha.deshmukh19@example.com,2026-10-31,2026-11-01,Double,5,3681,INR,Pending
BKG50870,H101,Mumbai,C7947,Ananya More,ananya.more96@example.com,2026-12-05,2026-12-11,Double,4,18112,INR,Completed
BKG50871,H107,Pune,C1120,Aarav Kale,aarav.kale64@example.com,2026-12-29,2027-01-03,Deluxe,2,23465,INR,Completed
BKG50872,H108,Pune,C3865,Aditya Jadhav,aditya.jadhav19@example.com,2026-11-16,2026-11-23,Double,5,13376,INR,Completed
BKG50873,H106,Delhi,C7116,Priya Pawar,priya.pawar24@example.com,2026-11-13,2026-11-19,Double,5,5662,INR,Pending
BKG50874,H109,Pune,C4491,Priya Kulkarni,priya.kulkarni10@example.com,2026-12-20,2026-12-25,Suite,2,11788,INR,Completed
BKG50875,H102,Mumbai,C6829,Sneha More,sneha.more10@example.com,2026-12-18,2026-12-22,Deluxe,3,13396,INR,Confirmed
BKG50876,H113,Bengaluru,C6809,Arjun Nagre,arjun.nagre11@example.com,2026-10-13,2026-10-17,Suite,2,4576,INR,Completed
BKG50877,H101,Delhi,C3550,Vivaan More,vivaan.more94@example.com,2026-11-02,2026-11-04,Suite,4,14065,INR,Pending
BKG50878,H118,Jaipur,C5416,Neha Nagre,neha.nagre23@example.com,2026-11-26,2026-12-02,Suite,2,6383,INR,Completed
BKG50879,H107,Jaipur,C2814,Aarav Deshmukh,aarav.deshmukh34@example.com,2026-11-06,2026-11-07,Double,4,15597,INR,Confirmed
BKG50880,H116,Chennai,C5355,Aditya Joshi,aditya.joshi25@example.com,2026-11-23,2026-11-27,Suite,2,12445,INR,Completed
BKG50881,H104,Jaipur,C1347,Aditya Patil,aditya.patil26@example.com,2026-10-20,2026-10-23,Single,2,3505,INR,Completed
BKG50882,H114,Bengaluru,C8868,Sneha Sharma,sneha.sharma47@example.com,2026-11-06,2026-11-10,Single,4,9918,INR,Cancelled
BKG50883,H104,Mumbai,C5318,Rohan Kulkarni,rohan.kulkarni99@example.com,2026-11-01,2026-11-07,Suite,2,17328,INR,Cancelled
BKG50884,H105,Bengaluru,C4759,Rohan Kale,rohan.kale25@example.com,2026-10-17,2026-10-21,Single,3,8097,INR,Completed
BKG50885,H107,Jaipur,C2490,Aarav Kale,aarav.kale16@example.com,2026-11-18,2026-11-22,Deluxe,2,9067,INR,Completed
BKG50886,H117,Delhi,C7998,Priya Sharma,priya.sharma92@example.com,2026-10-07,2026-10-10,Single,3,13713,INR,Pending
BKG50887,H108,Jaipur,C6241,Meera Pawar,meera.pawar16@example.com,2026-10-24,2026-10-25,Single,1,23440,INR,Cancelled
BKG50888,H109,Delhi,C2651,Karan More,karan.more65@example.com,2026-10-24,2026-10-27,Suite,3,12753,INR,Confirmed
BKG50889,H118,Jaipur,C3135,Vivaan Sharma,vivaan.sharma52@example.com,2026-11-16,2026-11-22,Deluxe,5,19129,INR,Cancelled
BKG50890,H107,Hyderabad,C7293,Isha Kulkarni,isha.kulkarni21@example.com,2026-10-14,2026-10-16,Single,1,21020,INR,Cancelled
BKG50891,H104,Bengaluru,C2227,Meera More,meera.more79@example.com,2026-12-19,2026-12-22,Deluxe,4,8419,INR,Confirmed
BKG50892,H114,Mumbai,C5138,Aditya Joshi,aditya.joshi81@example.com,2026-11-14,2026-11-17,Suite,1,16090,INR,Completed
BKG50893,H117,Pune,C1359,Neha Jadhav,neha.jadhav31@example.com,2026-12-16,2026-12-19,Double,3,3289,INR,Cancelled
BKG50894,H116,Chennai,C9724,Meera Pawar,meera.pawar75@example.com,2026-10-10,2026-10-12,Suite,5,14387,INR,Completed
BKG50895,H107,Pune,C4016,Sneha Kulkarni,sneha.kulkarni10@example.com,2026-10-21,2026-10-26,Double,5,24630,INR,Completed
BKG50896,H109,Bengaluru,C5972,Ananya Jadhav,ananya.jadhav38@example.com,2026-11-07,2026-11-13,Deluxe,5,5702,INR,Cancelled
BKG50897,H108,Pune,C5782,Aarav Jadhav,aarav.jadhav15@example.com,2026-12-21,2026-12-23,Deluxe,2,10661,INR,Cancelled
BKG50898,H104,Delhi,C1023,Rohan Jadhav,rohan.jadhav93@example.com,2026-11-14,2026-11-20,Deluxe,3,4527,INR,Cancelled
BKG50899,H110,Delhi,C6319,Neha Kale,neha.kale17@example.com,2026-12-20,2026-12-27,Single,3,8985,INR,Cancelled
BKG50900,H118,Hyderabad,C2744,Karan Sharma,karan.sharma98@example.com,2026-11-18,2026-11-24,Deluxe,5,19851,INR,Completed
BKG50901,H109,Hyderabad,C4342,Rohan Deshmukh,rohan.deshmukh84@example.com,2026-12-20,2026-12-27,Suite,2,16416,INR,Completed
BKG50902,H116,Nashik,C2536,Arjun Nagre,arjun.nagre73@example.com,2026-10-24,2026-10-28,Double,2,7988,INR,Cancelled
BKG50903,H101,Mumbai,C6082,Isha Kulkarni,isha.kulkarni30@example.com,2026-10-23,2026-10-30,Suite,5,7955,INR,Cancelled
BKG50904,H108,Mumbai,C8456,Vivaan Pawar,vivaan.pawar92@example.com,2026-11-21,2026-11-22,Double,1,21568,INR,Completed
BKG50905,H104,Bengaluru,C1223,Neha Sharma,neha.sharma92@example.com,2026-10-06,2026-10-08,Double,1,10570,INR,Confirmed
BKG50906,H118,Bengaluru,C6545,Aarav Patil,aarav.patil20@example.com,2026-10-26,2026-10-28,Suite,5,16359,INR,Pending
BKG50907,H105,Pune,C4995,Arjun More,arjun.more17@example.com,2026-12-09,2026-12-15,Deluxe,5,5832,INR,Confirmed
BKG50908,H110,Hyderabad,C2681,Vivaan Jadhav,vivaan.jadhav75@example.com,2026-11-23,2026-11-25,Single,2,2586,INR,Completed
BKG50909,H112,Mumbai,C5700,Neha Nagre,neha.nagre38@example.com,2026-12-27,2026-12-31,Single,4,7356,INR,Cancelled
BKG50910,H112,Bengaluru,C2250,Vivaan Kulkarni,vivaan.kulkarni88@example.com,2026-11-12,2026-11-13,Deluxe,1,3220,INR,Cancelled
BKG50911,H111,Jaipur,C3972,Neha Jadhav,neha.jadhav96@example.com,2026-11-24,2026-11-26,Deluxe,5,11204,INR,Confirmed
BKG50912,H112,Bengaluru,C5349,Karan More,karan.more19@example.com,2026-10-01,2026-10-08,Double,2,12294,INR,Completed
BKG50913,H103,Jaipur,C2855,Priya More,priya.more83@example.com,2026-11-24,2026-11-30,Deluxe,2,4763,INR,Cancelled
BKG50914,H112,Jaipur,C6232,Aditya Pawar,aditya.pawar73@example.com,2026-11-24,2026-11-28,Suite,5,22660,INR,Cancelled
BKG50915,H113,Hyderabad,C7860,Isha Joshi,isha.joshi80@example.com,2026-12-03,2026-12-08,Suite,5,19370,INR,Completed
BKG50916,H114,Jaipur,C9634,Vivaan Kale,vivaan.kale83@example.com,2026-12-28,2027-01-04,Double,1,9506,INR,Confirmed
BKG50917,H112,Delhi,C8765,Rohan Sharma,rohan.sharma27@example.com,2026-10-15,2026-10-16,Deluxe,3,6366,INR,Completed
BKG50918,H114,Bengaluru,C4974,Aditya Jadhav,aditya.jadhav36@example.com,2026-10-29,2026-10-30,Double,1,24599,INR,Completed
BKG50919,H114,Bengaluru,C7090,Meera Sharma,meera.sharma16@example.com,2026-12-29,2026-12-30,Single,4,21261,INR,Confirmed
BKG50920,H105,Nashik,C2295,Aditya Deshmukh,aditya.deshmukh41@example.com,2026-10-10,2026-10-11,Suite,2,7777,INR,Cancelled
BKG50921,H110,Bengaluru,C8704,Meera Jadhav,meera.jadhav62@example.com,2026-11-13,2026-11-17,Single,3,5445,INR,Confirmed
BKG50922,H120,Nashik,C3844,Isha Sharma,isha.sharma74@example.com,2026-10-21,2026-10-22,Suite,4,24079,INR,Pending
BKG50923,H110,Bengaluru,C4725,Sneha Jadhav,sneha.jadhav64@example.com,2026-10-21,2026-10-24,Single,5,14171,INR,Cancelled
BKG50924,H102,Jaipur,C4587,Neha Kale,neha.kale60@example.com,2026-10-24,2026-10-31,Single,4,17443,INR,Completed
BKG50925,H102,Mumbai,C7087,Neha Nagre,neha.nagre92@example.com,2026-11-24,2026-11-26,Deluxe,1,5220,INR,Pending
BKG50926,H101,Pune,C4925,Sneha Deshmukh,sneha.deshmukh46@example.com,2026-10-21,2026-10-26,Single,1,8743,INR,Pending
BKG50927,H107,Pune,C1531,Rohan Jadhav,rohan.jadhav40@example.com,2026-11-04,2026-11-05,Single,5,17653,INR,Confirmed
BKG50928,H110,Jaipur,C1139,Arjun Patil,arjun.patil55@example.com,2026-11-06,2026-11-10,Double,3,14600,INR,Cancelled
BKG50929,H111,Chennai,C7673,Meera Patil,meera.patil74@example.com,2026-10-13,2026-10-18,Double,1,21040,INR,Completed
BKG50930,H110,Hyderabad,C3642,Sneha Sharma,sneha.sharma29@example.com,2026-12-27,2026-12-31,Single,1,9388,INR,Cancelled
BKG50931,H117,Jaipur,C9460,Meera Nagre,meera.nagre87@example.com,2026-12-23,2026-12-28,Deluxe,4,6099,INR,Pending
BKG50932,H114,Mumbai,C1656,Arjun Kale,arjun.kale97@example.com,2026-11-19,2026-11-21,Double,5,21686,INR,Cancelled
BKG50933,H104,Nashik,C1245,Sneha More,sneha.more28@example.com,2026-11-09,2026-11-14,Single,4,4883,INR,Pending
BKG50934,H106,Bengaluru,C2117,Aditya Kulkarni,aditya.kulkarni45@example.com,2026-12-13,2026-12-16,Deluxe,1,4130,INR,Completed
BKG50935,H109,Delhi,C8243,Karan More,karan.more93@example.com,2026-10-18,2026-10-19,Suite,1,13710,INR,Completed
BKG50936,H105,Chennai,C8223,Neha Kale,neha.kale56@example.com,2026-12-05,2026-12-12,Deluxe,3,4535,INR,Completed
BKG50937,H120,Delhi,C1935,Karan Sharma,karan.sharma41@example.com,2026-12-29,2027-01-05,Single,2,5250,INR,Completed
BKG50938,H113,Nashik,C2196,Aditya Kale,aditya.kale38@example.com,2026-11-19,2026-11-26,Suite,1,13233,INR,Completed
BKG50939,H115,Hyderabad,C2788,Isha Jadhav,isha.jadhav20@example.com,2026-10-24,2026-10-30,Single,4,15992,INR,Completed
BKG50940,H111,Nashik,C6611,Arjun Patil,arjun.patil87@example.com,2026-12-02,2026-12-04,Suite,1,10921,INR,Confirmed
BKG50941,H116,Pune,C3385,Ananya Nagre,ananya.nagre91@example.com,2026-10-28,2026-10-31,Single,5,14261,INR,Pending
BKG50942,H107,Bengaluru,C1887,Neha More,neha.more37@example.com,2026-10-03,2026-10-10,Suite,3,10059,INR,Confirmed
BKG50943,H109,Hyderabad,C7637,Aditya Patil,aditya.patil20@example.com,2026-11-08,2026-11-15,Suite,4,18995,INR,Pending
BKG50944,H103,Nashik,C8022,Aditya Sharma,aditya.sharma53@example.com,2026-11-08,2026-11-10,Double,3,15533,INR,Completed
BKG50945,H114,Hyderabad,C6812,Ananya Nagre,ananya.nagre98@example.com,2026-12-13,2026-12-17,Single,5,21366,INR,Confirmed
BKG50946,H120,Nashik,C3370,Meera Kale,meera.kale51@example.com,2026-12-25,2027-01-01,Deluxe,1,6731,INR,Cancelled
BKG50947,H104,Nashik,C7659,Priya Deshmukh,priya.deshmukh43@example.com,2026-12-06,2026-12-12,Single,4,5919,INR,Confirmed
BKG50948,H107,Hyderabad,C7885,Aarav Joshi,aarav.joshi99@example.com,2026-12-09,2026-12-16,Double,5,14171,INR,Pending
BKG50949,H119,Mumbai,C1236,Rohan Joshi,rohan.joshi57@example.com,2026-11-16,2026-11-17,Deluxe,3,18252,INR,Completed
BKG50950,H114,Mumbai,C7724,Isha More,isha.more55@example.com,2026-11-15,2026-11-22,Suite,5,12804,INR,Cancelled
BKG50951,H112,Chennai,C3899,Priya Pawar,priya.pawar80@example.com,2026-12-16,2026-12-18,Suite,4,11139,INR,Pending
BKG50952,H104,Mumbai,C2436,Meera Kale,meera.kale23@example.com,2026-10-12,2026-10-18,Single,5,15276,INR,Completed
BKG50953,H118,Hyderabad,C2634,Meera Kale,meera.kale91@example.com,2026-11-26,2026-12-01,Single,3,15583,INR,Cancelled
BKG50954,H113,Chennai,C2876,Priya Jadhav,priya.jadhav35@example.com,2026-11-30,2026-12-01,Deluxe,4,15331,INR,Confirmed
BKG50955,H117,Hyderabad,C5647,Arjun Joshi,arjun.joshi44@example.com,2026-12-24,2026-12-27,Deluxe,4,23862,INR,Confirmed
BKG50956,H101,Chennai,C1431,Neha Sharma,neha.sharma29@example.com,2026-11-17,2026-11-24,Deluxe,3,7384,INR,Cancelled
BKG50957,H107,Chennai,C7445,Ananya Pawar,ananya.pawar16@example.com,2026-12-13,2026-12-17,Double,4,7492,INR,Pending
BKG50958,H114,Chennai,C4785,Ananya Nagre,ananya.nagre22@example.com,2026-12-30,2027-01-06,Double,5,5678,INR,Pending
BKG50959,H111,Bengaluru,C4339,Ananya Nagre,ananya.nagre21@example.com,2026-10-12,2026-10-13,Suite,1,22407,INR,Confirmed
BKG50960,H103,Hyderabad,C7266,Sneha Jadhav,sneha.jadhav13@example.com,2026-10-17,2026-10-21,Deluxe,2,9655,INR,Pending
BKG50961,H108,Pune,C7195,Rohan Jadhav,rohan.jadhav43@example.com,2026-12-24,2026-12-25,Deluxe,1,6511,INR,Confirmed
BKG50962,H120,Mumbai,C3011,Vivaan More,vivaan.more23@example.com,2026-10-19,2026-10-22,Deluxe,2,4840,INR,Completed
BKG50963,H113,Mumbai,C2650,Arjun Joshi,arjun.joshi72@example.com,2026-10-03,2026-10-07,Single,4,22302,INR,Cancelled
BKG50964,H113,Pune,C6138,Isha Pawar,isha.pawar91@example.com,2026-11-27,2026-12-04,Double,2,11589,INR,Cancelled
BKG50965,H120,Pune,C1516,Isha Kale,isha.kale25@example.com,2026-11-13,2026-11-16,Suite,5,21460,INR,Cancelled
BKG50966,H104,Bengaluru,C4160,Ananya Kulkarni,ananya.kulkarni87@example.com,2026-10-04,2026-10-09,Single,5,18568,INR,Cancelled
BKG50967,H107,Delhi,C1484,Arjun Patil,arjun.patil51@example.com,2026-10-18,2026-10-20,Single,2,10568,INR,Completed
BKG50968,H112,Bengaluru,C5823,Rohan Patil,rohan.patil69@example.com,2026-12-03,2026-12-07,Suite,2,9995,INR,Cancelled
BKG50969,H113,Chennai,C2686,Isha Kulkarni,isha.kulkarni84@example.com,2026-12-15,2026-12-18,Double,2,17785,INR,Completed
BKG50970,H109,Jaipur,C6223,Neha Kale,neha.kale89@example.com,2026-10-14,2026-10-19,Suite,4,8344,INR,Pending
BKG50971,H115,Jaipur,C3741,Isha Patil,isha.patil14@example.com,2026-12-05,2026-12-08,Suite,3,21588,INR,Completed
BKG50972,H106,Jaipur,C6287,Aarav Patil,aarav.patil64@example.com,2026-10-24,2026-10-27,Double,1,8851,INR,Pending
BKG50973,H104,Jaipur,C1158,Aditya Deshmukh,aditya.deshmukh50@example.com,2026-12-28,2026-12-29,Deluxe,2,17049,INR,Cancelled
BKG50974,H113,Delhi,C5647,Ananya Patil,ananya.patil87@example.com,2026-10-28,2026-11-02,Double,1,20181,INR,Confirmed
BKG50975,H114,Pune,C6207,Sneha Pawar,sneha.pawar50@example.com,2026-10-26,2026-10-28,Single,4,18139,INR,Pending
BKG50976,H104,Pune,C8419,Neha Patil,neha.patil31@example.com,2026-12-16,2026-12-19,Suite,2,20687,INR,Pending
BKG50977,H101,Pune,C8566,Aarav Kale,aarav.kale46@example.com,2026-10-17,2026-10-24,Suite,1,19280,INR,Pending
BKG50978,H103,Jaipur,C8699,Isha Sharma,isha.sharma22@example.com,2026-11-23,2026-11-29,Deluxe,3,12193,INR,Completed
BKG50979,H111,Mumbai,C9091,Vivaan Jadhav,vivaan.jadhav88@example.com,2026-10-07,2026-10-11,Deluxe,4,17965,INR,Pending
BKG50980,H101,Chennai,C4671,Sneha Patil,sneha.patil16@example.com,2026-10-02,2026-10-04,Single,3,24331,INR,Cancelled
BKG50981,H107,Mumbai,C7044,Aditya Patil,aditya.patil78@example.com,2026-10-01,2026-10-07,Single,3,3211,INR,Confirmed
BKG50982,H109,Bengaluru,C6396,Karan Patil,karan.patil98@example.com,2026-12-18,2026-12-25,Suite,3,24693,INR,Cancelled
BKG50983,H104,Mumbai,C3070,Sneha More,sneha.more50@example.com,2026-10-19,2026-10-26,Suite,4,23696,INR,Cancelled
BKG50984,H116,Mumbai,C5597,Sneha More,sneha.more51@example.com,2026-12-01,2026-12-03,Single,3,11507,INR,Pending
BKG50985,H107,Hyderabad,C2279,Ananya Joshi,ananya.joshi19@example.com,2026-12-03,2026-12-04,Double,1,23770,INR,Completed
BKG50986,H116,Bengaluru,C2713,Neha Joshi,neha.joshi53@example.com,2026-10-27,2026-11-03,Deluxe,3,16677,INR,Confirmed
BKG50987,H112,Mumbai,C7318,Aditya Joshi,aditya.joshi67@example.com,2026-12-19,2026-12-24,Double,4,7958,INR,Pending
BKG50988,H110,Nashik,C2673,Neha Nagre,neha.nagre28@example.com,2026-11-29,2026-11-30,Single,2,2343,INR,Cancelled
BKG50989,H116,Jaipur,C9699,Karan Sharma,karan.sharma67@example.com,2026-11-15,2026-11-18,Single,5,4554,INR,Completed
BKG50990,H113,Jaipur,C9228,Rohan Nagre,rohan.nagre65@example.com,2026-12-05,2026-12-08,Single,4,10732,INR,Confirmed
BKG50991,H114,Nashik,C4178,Aarav Pawar,aarav.pawar47@example.com,2026-10-25,2026-10-29,Double,5,10841,INR,Completed
BKG50992,H108,Hyderabad,C2820,Vivaan Sharma,vivaan.sharma38@example.com,2026-10-15,2026-10-16,Single,5,10522,INR,Confirmed
BKG50993,H109,Mumbai,C4711,Ananya Patil,ananya.patil89@example.com,2026-12-29,2027-01-04,Suite,4,14674,INR,Cancelled
BKG50994,H116,Pune,C4371,Meera Kulkarni,meera.kulkarni31@example.com,2026-10-27,2026-10-30,Deluxe,5,11236,INR,Confirmed
BKG50995,H120,Mumbai,C8812,Aditya Jadhav,aditya.jadhav49@example.com,2026-12-28,2026-12-30,Double,3,24129,INR,Cancelled
BKG50996,H115,Bengaluru,C3324,Aditya Deshmukh,aditya.deshmukh11@example.com,2026-12-25,2026-12-29,Suite,3,2482,INR,Pending
BKG50997,H101,Mumbai,C6770,Vivaan Nagre,vivaan.nagre70@example.com,2026-12-14,2026-12-15,Suite,2,17285,INR,Confirmed
BKG50998,H110,Delhi,C4741,Aarav Kale,aarav.kale77@example.com,2026-12-04,2026-12-06,Double,1,5076,INR,Pending
BKG50999,H112,Pune,C9941,Priya More,priya.more42@example.com,2026-12-24,2026-12-28,Deluxe,3,16832,INR,Pending
BKG51000,H117,Hyderabad,C8936,Karan Deshmukh,karan.deshmukh24@example.com,2026-11-04,2026-11-10,Single,2,15245,INR,Cancelled
BKG51001,H101,Hyderabad,C5004,Arjun More,arjun.more83@example.com,2026-12-29,2027-01-02,Deluxe,2,4725,INR,Completed
BKG51002,H109,Chennai,C9928,Isha Patil,isha.patil67@example.com,2026-12-07,2026-12-09,Deluxe,3,12652,INR,Completed
BKG51003,H107,Chennai,C1674,Karan Kulkarni,karan.kulkarni84@example.com,2026-12-06,2026-12-12,Deluxe,5,5829,INR,Completed
BKG51004,H110,Bengaluru,C2806,Sneha Deshmukh,sneha.deshmukh11@example.com,2026-12-03,2026-12-09,Double,4,24112,INR,Pending
BKG51005,H106,Pune,C5975,Sneha Jadhav,sneha.jadhav72@example.com,2026-11-06,2026-11-07,Deluxe,1,16672,INR,Cancelled
BKG51006,H104,Pune,C1872,Karan Kale,karan.kale72@example.com,2026-11-09,2026-11-10,Suite,3,23435,INR,Confirmed
BKG51007,H112,Bengaluru,C5642,Karan Nagre,karan.nagre74@example.com,2026-12-25,2027-01-01,Double,1,10669,INR,Cancelled
BKG51008,H103,Chennai,C5765,Neha Kale,neha.kale38@example.com,2026-10-05,2026-10-09,Deluxe,2,24033,INR,Completed
BKG51009,H109,Bengaluru,C5949,Neha Patil,neha.patil86@example.com,2026-11-09,2026-11-11,Suite,3,20745,INR,Cancelled
BKG51010,H114,Nashik,C4269,Karan Nagre,karan.nagre48@example.com,2026-11-09,2026-11-10,Deluxe,5,22388,INR,Cancelled
BKG51011,H104,Jaipur,C3271,Neha Pawar,neha.pawar77@example.com,2026-11-26,2026-12-02,Deluxe,5,24251,INR,Completed
BKG51012,H115,Bengaluru,C7890,Arjun Pawar,arjun.pawar62@example.com,2026-11-29,2026-11-30,Single,4,4697,INR,Pending
BKG51013,H117,Bengaluru,C7114,Rohan Kale,rohan.kale26@example.com,2026-12-19,2026-12-24,Deluxe,1,14666,INR,Completed
BKG51014,H115,Mumbai,C9488,Isha Sharma,isha.sharma68@example.com,2026-10-07,2026-10-08,Single,3,23095,INR,Pending
BKG51015,H110,Pune,C8889,Sneha Patil,sneha.patil98@example.com,2026-11-12,2026-11-19,Single,1,20956,INR,Cancelled
BKG51016,H118,Delhi,C9116,Ananya Nagre,ananya.nagre27@example.com,2026-10-29,2026-11-04,Double,3,22386,INR,Confirmed
BKG51017,H107,Hyderabad,C2880,Priya Kale,priya.kale18@example.com,2026-10-01,2026-10-03,Single,5,4974,INR,Cancelled
BKG51018,H101,Nashik,C9288,Vivaan More,vivaan.more66@example.com,2026-11-20,2026-11-21,Single,3,15056,INR,Cancelled
BKG51019,H109,Pune,C8195,Rohan Jadhav,rohan.jadhav94@example.com,2026-12-18,2026-12-19,Suite,2,22646,INR,Cancelled
BKG51020,H106,Delhi,C9381,Aditya Joshi,aditya.joshi99@example.com,2026-12-09,2026-12-11,Suite,4,11303,INR,Confirmed
BKG51021,H112,Chennai,C5509,Sneha More,sneha.more60@example.com,2026-11-19,2026-11-25,Single,4,15460,INR,Cancelled
BKG51022,H115,Nashik,C2969,Aarav Kulkarni,aarav.kulkarni82@example.com,2026-11-19,2026-11-20,Deluxe,1,22938,INR,Confirmed
BKG51023,H115,Hyderabad,C8510,Arjun Nagre,arjun.nagre45@example.com,2026-10-02,2026-10-04,Deluxe,5,18289,INR,Pending
BKG51024,H113,Jaipur,C9406,Meera Jadhav,meera.jadhav18@example.com,2026-10-23,2026-10-29,Double,3,23293,INR,Completed
BKG51025,H109,Bengaluru,C5964,Meera Nagre,meera.nagre60@example.com,2026-10-09,2026-10-16,Suite,4,17258,INR,Pending
BKG51026,H119,Pune,C6704,Aditya Deshmukh,aditya.deshmukh84@example.com,2026-12-19,2026-12-26,Suite,1,3272,INR,Cancelled
BKG51027,H104,Bengaluru,C9183,Rohan Patil,rohan.patil96@example.com,2026-11-30,2026-12-03,Double,2,5254,INR,Completed
BKG51028,H102,Pune,C5104,Neha Patil,neha.patil24@example.com,2026-10-05,2026-10-12,Single,4,14065,INR,Cancelled
BKG51029,H115,Nashik,C7188,Arjun Patil,arjun.patil27@example.com,2026-12-21,2026-12-26,Double,2,10073,INR,Completed
BKG51030,H108,Pune,C4297,Isha Kulkarni,isha.kulkarni30@example.com,2026-11-25,2026-12-02,Double,1,20874,INR,Confirmed
BKG51031,H105,Nashik,C1086,Rohan Sharma,rohan.sharma56@example.com,2026-11-22,2026-11-27,Single,3,7872,INR,Cancelled
BKG51032,H116,Chennai,C9206,Rohan Kale,rohan.kale55@example.com,2026-11-15,2026-11-20,Double,1,16181,INR,Completed
BKG51033,H103,Pune,C3084,Vivaan Kale,vivaan.kale76@example.com,2026-11-08,2026-11-09,Single,4,9355,INR,Pending
BKG51034,H110,Mumbai,C5119,Aarav Joshi,aarav.joshi59@example.com,2026-12-30,2027-01-02,Single,2,11239,INR,Cancelled
BKG51035,H117,Delhi,C6116,Ananya Kale,ananya.kale61@example.com,2026-12-19,2026-12-20,Single,5,17233,INR,Confirmed
BKG51036,H114,Jaipur,C5275,Aarav Deshmukh,aarav.deshmukh35@example.com,2026-11-12,2026-11-19,Single,2,8492,INR,Confirmed
BKG51037,H103,Bengaluru,C1580,Rohan More,rohan.more54@example.com,2026-10-10,2026-10-14,Single,5,17488,INR,Pending
BKG51038,H104,Delhi,C1584,Meera Sharma,meera.sharma73@example.com,2026-12-04,2026-12-06,Deluxe,4,17449,INR,Cancelled
BKG51039,H101,Nashik,C4215,Aarav Sharma,aarav.sharma78@example.com,2026-12-17,2026-12-24,Suite,1,19904,INR,Confirmed
BKG51040,H105,Mumbai,C8041,Neha Pawar,neha.pawar99@example.com,2026-11-24,2026-11-29,Double,1,16150,INR,Pending
BKG51041,H111,Hyderabad,C8153,Arjun Joshi,arjun.joshi17@example.com,2026-10-31,2026-11-02,Single,5,2129,INR,Completed
BKG51042,H119,Bengaluru,C1751,Meera Jadhav,meera.jadhav11@example.com,2026-11-01,2026-11-08,Single,1,3656,INR,Completed
BKG51043,H102,Chennai,C6147,Aditya Kulkarni,aditya.kulkarni54@example.com,2026-12-17,2026-12-23,Double,3,6050,INR,Completed
BKG51044,H103,Nashik,C2252,Isha Patil,isha.patil42@example.com,2026-12-09,2026-12-11,Suite,3,9018,INR,Pending
BKG51045,H110,Chennai,C5002,Arjun Jadhav,arjun.jadhav77@example.com,2026-11-04,2026-11-07,Single,1,13158,INR,Completed
BKG51046,H107,Bengaluru,C3247,Karan Patil,karan.patil76@example.com,2026-10-30,2026-11-02,Double,1,14002,INR,Confirmed
BKG51047,H115,Chennai,C2872,Rohan More,rohan.more12@example.com,2026-12-03,2026-12-10,Single,3,10908,INR,Pending
BKG51048,H109,Pune,C7291,Vivaan Sharma,vivaan.sharma73@example.com,2026-10-03,2026-10-10,Suite,4,16349,INR,Cancelled
BKG51049,H106,Jaipur,C8063,Rohan Pawar,rohan.pawar78@example.com,2026-10-07,2026-10-13,Deluxe,1,19545,INR,Confirmed
BKG51050,H109,Mumbai,C4548,Sneha Deshmukh,sneha.deshmukh13@example.com,2026-11-13,2026-11-19,Suite,4,3671,INR,Completed
BKG51051,H118,Nashik,C8595,Meera Kulkarni,meera.kulkarni64@example.com,2026-12-13,2026-12-19,Deluxe,2,14294,INR,Cancelled
BKG51052,H109,Chennai,C5496,Aditya Sharma,aditya.sharma20@example.com,2026-11-01,2026-11-08,Deluxe,3,20513,INR,Confirmed
BKG51053,H112,Jaipur,C5404,Sneha Kulkarni,sneha.kulkarni94@example.com,2026-11-02,2026-11-09,Single,1,11856,INR,Pending
BKG51054,H115,Hyderabad,C1283,Aditya More,aditya.more66@example.com,2026-10-02,2026-10-06,Single,3,17535,INR,Completed
BKG51055,H103,Delhi,C5530,Aarav Kale,aarav.kale88@example.com,2026-12-10,2026-12-13,Single,4,7691,INR,Pending
BKG51056,H105,Pune,C4727,Karan More,karan.more90@example.com,2026-10-23,2026-10-25,Single,2,5550,INR,Cancelled
BKG51057,H115,Delhi,C6200,Isha Jadhav,isha.jadhav15@example.com,2026-12-10,2026-12-16,Double,1,10288,INR,Confirmed
BKG51058,H118,Nashik,C1733,Isha Deshmukh,isha.deshmukh86@example.com,2026-10-31,2026-11-03,Single,1,18411,INR,Confirmed
BKG51059,H108,Chennai,C4344,Ananya Patil,ananya.patil51@example.com,2026-12-13,2026-12-16,Suite,1,22833,INR,Pending
BKG51060,H111,Pune,C6903,Aditya Sharma,aditya.sharma52@example.com,2026-11-22,2026-11-28,Deluxe,4,11435,INR,Cancelled
BKG51061,H110,Jaipur,C3459,Arjun Sharma,arjun.sharma85@example.com,2026-10-04,2026-10-05,Double,3,18537,INR,Cancelled
BKG51062,H102,Chennai,C3459,Neha Kale,neha.kale58@example.com,2026-12-23,2026-12-24,Single,2,20327,INR,Confirmed
BKG51063,H120,Hyderabad,C8739,Ananya Sharma,ananya.sharma94@example.com,2026-12-07,2026-12-12,Suite,3,10620,INR,Pending
BKG51064,H108,Chennai,C6931,Rohan Deshmukh,rohan.deshmukh39@example.com,2026-11-28,2026-12-01,Single,2,16382,INR,Pending
BKG51065,H118,Nashik,C9285,Vivaan Deshmukh,vivaan.deshmukh19@example.com,2026-11-16,2026-11-22,Suite,5,9348,INR,Completed
BKG51066,H105,Delhi,C9809,Rohan Kale,rohan.kale41@example.com,2026-11-22,2026-11-28,Double,5,10328,INR,Pending
BKG51067,H103,Nashik,C7693,Arjun Patil,arjun.patil63@example.com,2026-12-04,2026-12-06,Suite,2,7695,INR,Confirmed
BKG51068,H114,Chennai,C5316,Aditya Patil,aditya.patil80@example.com,2026-11-30,2026-12-06,Single,2,2916,INR,Confirmed
BKG51069,H103,Chennai,C3169,Meera Nagre,meera.nagre75@example.com,2026-12-07,2026-12-11,Suite,3,5976,INR,Cancelled
BKG51070,H104,Jaipur,C6519,Meera Kulkarni,meera.kulkarni53@example.com,2026-12-15,2026-12-20,Single,1,4216,INR,Completed
BKG51071,H114,Mumbai,C5740,Neha More,neha.more71@example.com,2026-12-29,2026-12-31,Double,5,18491,INR,Cancelled
BKG51072,H119,Bengaluru,C7061,Aarav Kale,aarav.kale96@example.com,2026-12-23,2026-12-27,Suite,3,16171,INR,Pending
BKG51073,H110,Chennai,C9083,Vivaan Joshi,vivaan.joshi53@example.com,2026-10-07,2026-10-12,Suite,3,12377,INR,Pending
BKG51074,H102,Delhi,C4452,Aditya Nagre,aditya.nagre65@example.com,2026-12-06,2026-12-09,Deluxe,1,13181,INR,Cancelled
BKG51075,H109,Mumbai,C8974,Vivaan Kulkarni,vivaan.kulkarni66@example.com,2026-10-29,2026-10-31,Deluxe,3,21662,INR,Cancelled
BKG51076,H105,Pune,C2573,Isha Kulkarni,isha.kulkarni36@example.com,2026-12-10,2026-12-17,Double,1,21408,INR,Cancelled
BKG51077,H101,Bengaluru,C7055,Aarav More,aarav.more36@example.com,2026-11-06,2026-11-11,Suite,4,18868,INR,Completed
BKG51078,H104,Mumbai,C8282,Karan Patil,karan.patil65@example.com,2026-12-03,2026-12-06,Single,2,10924,INR,Pending
BKG51079,H103,Mumbai,C6360,Vivaan Joshi,vivaan.joshi30@example.com,2026-12-04,2026-12-07,Deluxe,4,22464,INR,Pending
BKG51080,H104,Bengaluru,C9541,Aarav Pawar,aarav.pawar50@example.com,2026-10-25,2026-11-01,Single,1,9858,INR,Completed
BKG51081,H109,Bengaluru,C8703,Rohan Joshi,rohan.joshi29@example.com,2026-12-02,2026-12-09,Double,4,11060,INR,Cancelled
BKG51082,H117,Hyderabad,C4510,Isha Patil,isha.patil10@example.com,2026-11-25,2026-11-26,Suite,5,21828,INR,Cancelled
BKG51083,H109,Bengaluru,C7231,Aarav Pawar,aarav.pawar90@example.com,2026-12-14,2026-12-16,Deluxe,4,19182,INR,Pending
BKG51084,H116,Delhi,C9032,Rohan Kulkarni,rohan.kulkarni90@example.com,2026-11-20,2026-11-25,Deluxe,5,17560,INR,Confirmed
BKG51085,H110,Nashik,C7875,Rohan Patil,rohan.patil67@example.com,2026-11-11,2026-11-13,Suite,1,7573,INR,Pending
BKG51086,H112,Hyderabad,C7523,Isha Patil,isha.patil26@example.com,2026-12-01,2026-12-08,Suite,5,15300,INR,Confirmed
BKG51087,H117,Jaipur,C4525,Karan Kulkarni,karan.kulkarni62@example.com,2026-10-08,2026-10-13,Deluxe,3,23918,INR,Completed
BKG51088,H114,Pune,C7532,Neha More,neha.more43@example.com,2026-10-07,2026-10-10,Suite,2,12935,INR,Pending
BKG51089,H108,Jaipur,C3729,Priya Pawar,priya.pawar78@example.com,2026-10-27,2026-11-03,Single,5,21813,INR,Cancelled
BKG51090,H101,Mumbai,C1346,Sneha Jadhav,sneha.jadhav58@example.com,2026-10-12,2026-10-19,Deluxe,3,19917,INR,Confirmed
BKG51091,H112,Bengaluru,C9774,Ananya Joshi,ananya.joshi35@example.com,2026-10-21,2026-10-28,Suite,2,11308,INR,Pending
BKG51092,H107,Chennai,C5075,Arjun Pawar,arjun.pawar11@example.com,2026-10-05,2026-10-12,Single,5,5159,INR,Completed
BKG51093,H110,Mumbai,C5940,Aarav Nagre,aarav.nagre13@example.com,2026-10-30,2026-11-05,Double,1,10727,INR,Completed
BKG51094,H105,Bengaluru,C5424,Isha Pawar,isha.pawar20@example.com,2026-10-10,2026-10-11,Suite,1,2283,INR,Confirmed
BKG51095,H113,Pune,C4184,Meera Kale,meera.kale87@example.com,2026-11-09,2026-11-16,Deluxe,4,18588,INR,Pending
BKG51096,H107,Chennai,C2634,Karan More,karan.more43@example.com,2026-12-23,2026-12-28,Suite,4,11343,INR,Confirmed
BKG51097,H118,Nashik,C5564,Rohan Pawar,rohan.pawar71@example.com,2026-11-06,2026-11-12,Double,4,2364,INR,Completed
BKG51098,H104,Jaipur,C8410,Arjun Jadhav,arjun.jadhav38@example.com,2026-12-13,2026-12-14,Suite,2,16450,INR,Completed
BKG51099,H110,Hyderabad,C6447,Sneha Patil,sneha.patil28@example.com,2026-12-20,2026-12-21,Single,5,7346,INR,Completed
BKG51100,H103,Hyderabad,C3316,Sneha Joshi,sneha.joshi61@example.com,2026-12-18,2026-12-25,Suite,5,20367,INR,Confirmed
BKG51101,H114,Chennai,C6103,Priya Kulkarni,priya.kulkarni53@example.com,2026-10-20,2026-10-21,Deluxe,5,21419,INR,Confirmed
BKG51102,H118,Nashik,C9008,Karan Joshi,karan.joshi79@example.com,2026-12-03,2026-12-06,Double,3,16918,INR,Confirmed
BKG51103,H103,Nashik,C7156,Vivaan Pawar,vivaan.pawar26@example.com,2026-10-02,2026-10-04,Single,2,8267,INR,Confirmed
BKG51104,H116,Chennai,C3798,Aarav Pawar,aarav.pawar90@example.com,2026-12-07,2026-12-11,Double,5,15501,INR,Confirmed
BKG51105,H114,Bengaluru,C5821,Karan Patil,karan.patil96@example.com,2026-11-04,2026-11-09,Deluxe,5,13977,INR,Cancelled
BKG51106,H107,Jaipur,C7083,Karan Jadhav,karan.jadhav76@example.com,2026-12-17,2026-12-20,Suite,4,8701,INR,Cancelled
BKG51107,H116,Pune,C1161,Aditya Jadhav,aditya.jadhav50@example.com,2026-11-23,2026-11-25,Double,4,3997,INR,Pending
BKG51108,H107,Nashik,C2538,Meera Joshi,meera.joshi78@example.com,2026-11-28,2026-12-01,Single,1,22279,INR,Cancelled
BKG51109,H118,Chennai,C4704,Vivaan Deshmukh,vivaan.deshmukh54@example.com,2026-12-20,2026-12-21,Double,3,11112,INR,Pending
BKG51110,H113,Bengaluru,C5174,Arjun Kale,arjun.kale81@example.com,2026-12-09,2026-12-15,Double,1,21219,INR,Confirmed
BKG51111,H109,Chennai,C3922,Meera Joshi,meera.joshi43@example.com,2026-12-12,2026-12-13,Double,5,21045,INR,Pending
BKG51112,H120,Hyderabad,C5543,Sneha Kale,sneha.kale88@example.com,2026-12-25,2026-12-29,Double,2,1887,INR,Cancelled
BKG51113,H105,Pune,C3349,Vivaan Kale,vivaan.kale31@example.com,2026-11-30,2026-12-07,Single,3,4348,INR,Cancelled
BKG51114,H114,Chennai,C8729,Ananya More,ananya.more51@example.com,2026-11-08,2026-11-13,Single,2,20154,INR,Completed
BKG51115,H112,Bengaluru,C6108,Neha More,neha.more76@example.com,2026-11-10,2026-11-15,Single,5,8809,INR,Pending
BKG51116,H114,Chennai,C8236,Meera Nagre,meera.nagre72@example.com,2026-12-28,2027-01-04,Deluxe,1,20081,INR,Pending
BKG51117,H112,Hyderabad,C8637,Aditya Sharma,aditya.sharma95@example.com,2026-11-14,2026-11-20,Suite,2,22017,INR,Completed
BKG51118,H101,Delhi,C4209,Arjun Nagre,arjun.nagre66@example.com,2026-11-16,2026-11-21,Double,1,21008,INR,Pending
BKG51119,H109,Nashik,C9238,Vivaan Deshmukh,vivaan.deshmukh11@example.com,2026-12-17,2026-12-20,Single,3,22826,INR,Completed
BKG51120,H109,Nashik,C1938,Aarav Kulkarni,aarav.kulkarni83@example.com,2026-10-04,2026-10-11,Suite,5,22517,INR,Completed
BKG51121,H118,Mumbai,C2703,Aditya More,aditya.more14@example.com,2026-11-17,2026-11-18,Double,2,6113,INR,Completed
BKG51122,H115,Pune,C2022,Vivaan Sharma,vivaan.sharma50@example.com,2026-10-13,2026-10-20,Deluxe,2,23266,INR,Pending
BKG51123,H106,Pune,C7001,Isha Deshmukh,isha.deshmukh76@example.com,2026-10-02,2026-10-08,Suite,4,23679,INR,Confirmed
BKG51124,H105,Hyderabad,C5369,Rohan Jadhav,rohan.jadhav20@example.com,2026-10-23,2026-10-27,Single,3,21740,INR,Completed
BKG51125,H110,Mumbai,C5486,Aditya Sharma,aditya.sharma81@example.com,2026-11-14,2026-11-15,Deluxe,4,20417,INR,Completed
BKG51126,H103,Hyderabad,C3991,Vivaan Patil,vivaan.patil21@example.com,2026-10-24,2026-10-27,Single,2,2142,INR,Pending
BKG51127,H108,Pune,C6043,Priya Patil,priya.patil97@example.com,2026-12-22,2026-12-29,Double,2,11974,INR,Completed
BKG51128,H106,Delhi,C5571,Meera Kulkarni,meera.kulkarni27@example.com,2026-12-12,2026-12-15,Suite,2,7968,INR,Cancelled
BKG51129,H109,Jaipur,C8203,Aditya Kulkarni,aditya.kulkarni43@example.com,2026-10-12,2026-10-16,Deluxe,5,13714,INR,Completed
BKG51130,H102,Delhi,C7319,Isha Nagre,isha.nagre29@example.com,2026-12-08,2026-12-13,Double,4,13167,INR,Cancelled
BKG51131,H118,Nashik,C5407,Arjun Jadhav,arjun.jadhav21@example.com,2026-12-05,2026-12-12,Double,3,8951,INR,Pending
BKG51132,H117,Chennai,C4055,Aarav Patil,aarav.patil70@example.com,2026-10-18,2026-10-22,Deluxe,3,20273,INR,Confirmed
BKG51133,H112,Mumbai,C1130,Arjun Patil,arjun.patil30@example.com,2026-11-23,2026-11-27,Deluxe,3,23029,INR,Cancelled
BKG51134,H106,Nashik,C8649,Arjun Kulkarni,arjun.kulkarni79@example.com,2026-10-24,2026-10-31,Single,4,22005,INR,Completed
BKG51135,H116,Chennai,C4991,Meera Pawar,meera.pawar42@example.com,2026-11-17,2026-11-22,Deluxe,4,24034,INR,Pending
BKG51136,H117,Pune,C2768,Aarav Joshi,aarav.joshi63@example.com,2026-11-24,2026-12-01,Deluxe,5,14931,INR,Cancelled
BKG51137,H110,Jaipur,C9587,Ananya Nagre,ananya.nagre35@example.com,2026-12-12,2026-12-19,Double,2,23538,INR,Confirmed
BKG51138,H105,Bengaluru,C6671,Vivaan Kulkarni,vivaan.kulkarni68@example.com,2026-11-20,2026-11-22,Suite,1,23381,INR,Cancelled
BKG51139,H110,Hyderabad,C2317,Aditya Kulkarni,aditya.kulkarni33@example.com,2026-10-31,2026-11-07,Double,4,4754,INR,Cancelled
BKG51140,H112,Chennai,C1082,Isha Jadhav,isha.jadhav71@example.com,2026-10-21,2026-10-24,Single,4,19816,INR,Cancelled
BKG51141,H115,Jaipur,C4978,Priya Pawar,priya.pawar22@example.com,2026-11-19,2026-11-21,Deluxe,2,14903,INR,Pending
BKG51142,H120,Hyderabad,C7453,Isha Pawar,isha.pawar78@example.com,2026-10-10,2026-10-13,Suite,5,2681,INR,Cancelled
BKG51143,H112,Hyderabad,C6569,Rohan Deshmukh,rohan.deshmukh74@example.com,2026-10-01,2026-10-06,Suite,1,22954,INR,Cancelled
BKG51144,H102,Bengaluru,C4461,Priya Joshi,priya.joshi48@example.com,2026-11-25,2026-11-26,Deluxe,4,23231,INR,Completed
BKG51145,H110,Bengaluru,C7338,Aditya Kulkarni,aditya.kulkarni96@example.com,2026-12-01,2026-12-02,Deluxe,4,7682,INR,Completed
BKG51146,H104,Bengaluru,C8618,Isha Jadhav,isha.jadhav20@example.com,2026-11-14,2026-11-20,Single,4,2200,INR,Pending
BKG51147,H117,Pune,C7292,Aditya Kale,aditya.kale97@example.com,2026-11-28,2026-11-29,Suite,4,15643,INR,Pending
BKG51148,H104,Jaipur,C8378,Neha Kulkarni,neha.kulkarni74@example.com,2026-11-17,2026-11-24,Suite,3,19331,INR,Confirmed
BKG51149,H118,Delhi,C7283,Aditya Pawar,aditya.pawar96@example.com,2026-10-11,2026-10-13,Single,3,24985,INR,Cancelled
BKG51150,H115,Nashik,C8126,Ananya Kale,ananya.kale16@example.com,2026-11-29,2026-12-02,Single,1,17843,INR,Pending
BKG51151,H112,Delhi,C5135,Aarav Kale,aarav.kale64@example.com,2026-11-13,2026-11-19,Deluxe,1,19584,INR,Cancelled
BKG51152,H114,Jaipur,C1288,Karan Deshmukh,karan.deshmukh67@example.com,2026-11-11,2026-11-14,Single,5,5459,INR,Confirmed
BKG51153,H108,Nashik,C3872,Ananya Pawar,ananya.pawar20@example.com,2026-12-08,2026-12-09,Double,2,22539,INR,Completed
BKG51154,H115,Jaipur,C5000,Karan Deshmukh,karan.deshmukh77@example.com,2026-12-12,2026-12-16,Single,1,12501,INR,Confirmed
BKG51155,H104,Pune,C7258,Aditya Kale,aditya.kale75@example.com,2026-10-11,2026-10-14,Deluxe,4,14931,INR,Cancelled
BKG51156,H103,Hyderabad,C8102,Meera Kulkarni,meera.kulkarni24@example.com,2026-10-25,2026-10-30,Deluxe,3,21971,INR,Confirmed
BKG51157,H116,Pune,C4526,Arjun Kale,arjun.kale65@example.com,2026-11-05,2026-11-11,Double,3,18235,INR,Completed
BKG51158,H109,Delhi,C1083,Aditya Kulkarni,aditya.kulkarni62@example.com,2026-10-27,2026-10-28,Suite,2,10803,INR,Completed
BKG51159,H104,Delhi,C4627,Sneha Deshmukh,sneha.deshmukh38@example.com,2026-10-03,2026-10-09,Deluxe,2,3888,INR,Completed
BKG51160,H120,Jaipur,C6387,Sneha Pawar,sneha.pawar79@example.com,2026-11-19,2026-11-23,Single,3,12960,INR,Pending
BKG51161,H115,Chennai,C9176,Priya Nagre,priya.nagre36@example.com,2026-12-08,2026-12-14,Double,4,10178,INR,Confirmed
BKG51162,H103,Delhi,C8972,Isha Kale,isha.kale81@example.com,2026-11-14,2026-11-15,Double,5,13897,INR,Pending
BKG51163,H115,Chennai,C1485,Arjun More,arjun.more29@example.com,2026-12-19,2026-12-24,Double,5,13322,INR,Completed
BKG51164,H118,Mumbai,C9041,Aarav Kulkarni,aarav.kulkarni40@example.com,2026-11-18,2026-11-23,Double,4,21694,INR,Confirmed
BKG51165,H107,Chennai,C2813,Neha Joshi,neha.joshi83@example.com,2026-11-07,2026-11-09,Double,4,19824,INR,Pending
BKG51166,H120,Chennai,C5570,Rohan Pawar,rohan.pawar50@example.com,2026-11-16,2026-11-22,Single,3,18259,INR,Cancelled
BKG51167,H115,Pune,C5691,Neha More,neha.more67@example.com,2026-10-21,2026-10-28,Double,4,11250,INR,Pending
BKG51168,H104,Pune,C7281,Priya Nagre,priya.nagre84@example.com,2026-12-23,2026-12-27,Suite,4,7989,INR,Cancelled
BKG51169,H120,Hyderabad,C9248,Aditya Kale,aditya.kale20@example.com,2026-12-16,2026-12-21,Suite,1,12450,INR,Cancelled
BKG51170,H103,Hyderabad,C7067,Sneha More,sneha.more12@example.com,2026-12-16,2026-12-23,Suite,5,18555,INR,Cancelled
BKG51171,H108,Pune,C3871,Priya Deshmukh,priya.deshmukh70@example.com,2026-10-26,2026-10-29,Double,3,3923,INR,Cancelled
BKG51172,H115,Mumbai,C5015,Sneha More,sneha.more97@example.com,2026-12-17,2026-12-21,Double,2,16919,INR,Pending
BKG51173,H115,Chennai,C2145,Aditya Joshi,aditya.joshi10@example.com,2026-10-05,2026-10-11,Suite,5,17207,INR,Confirmed
BKG51174,H118,Pune,C2983,Neha Kulkarni,neha.kulkarni87@example.com,2026-12-22,2026-12-27,Single,4,17555,INR,Pending
BKG51175,H112,Mumbai,C7545,Neha Sharma,neha.sharma75@example.com,2026-12-20,2026-12-26,Suite,4,5865,INR,Cancelled
BKG51176,H104,Nashik,C3769,Karan Kale,karan.kale56@example.com,2026-11-22,2026-11-28,Deluxe,2,9764,INR,Cancelled
BKG51177,H111,Delhi,C2214,Karan Patil,karan.patil68@example.com,2026-12-30,2027-01-03,Double,3,13021,INR,Completed
BKG51178,H109,Delhi,C5511,Arjun More,arjun.more86@example.com,2026-10-05,2026-10-12,Double,2,18897,INR,Confirmed
BKG51179,H119,Delhi,C6943,Rohan Deshmukh,rohan.deshmukh47@example.com,2026-11-09,2026-11-15,Double,5,22571,INR,Completed
BKG51180,H110,Hyderabad,C3531,Meera More,meera.more98@example.com,2026-10-17,2026-10-19,Deluxe,4,10231,INR,Confirmed
BKG51181,H110,Chennai,C3431,Rohan Kale,rohan.kale84@example.com,2026-10-02,2026-10-05,Deluxe,5,18735,INR,Completed
BKG51182,H112,Bengaluru,C3554,Sneha Nagre,sneha.nagre85@example.com,2026-12-04,2026-12-07,Deluxe,4,17700,INR,Completed
BKG51183,H113,Hyderabad,C1234,Aditya More,aditya.more95@example.com,2026-10-09,2026-10-12,Double,3,8564,INR,Cancelled
BKG51184,H104,Hyderabad,C4227,Karan Kale,karan.kale55@example.com,2026-12-03,2026-12-07,Single,5,9283,INR,Pending
BKG51185,H113,Mumbai,C2620,Isha Sharma,isha.sharma52@example.com,2026-12-04,2026-12-05,Deluxe,5,19322,INR,Confirmed
BKG51186,H117,Nashik,C5063,Priya Kale,priya.kale41@example.com,2026-11-02,2026-11-09,Double,2,9282,INR,Cancelled
BKG51187,H109,Delhi,C5547,Aarav Kale,aarav.kale21@example.com,2026-10-25,2026-10-31,Single,2,18923,INR,Confirmed
BKG51188,H108,Mumbai,C8820,Rohan Joshi,rohan.joshi69@example.com,2026-10-13,2026-10-18,Single,3,22571,INR,Cancelled
BKG51189,H115,Delhi,C2367,Priya Patil,priya.patil70@example.com,2026-10-26,2026-10-27,Double,5,17765,INR,Confirmed
BKG51190,H104,Chennai,C8253,Sneha Pawar,sneha.pawar92@example.com,2026-10-25,2026-10-30,Suite,1,10049,INR,Pending
BKG51191,H111,Hyderabad,C9312,Priya Nagre,priya.nagre71@example.com,2026-12-05,2026-12-08,Deluxe,3,19238,INR,Pending
BKG51192,H117,Jaipur,C6060,Karan Jadhav,karan.jadhav90@example.com,2026-11-26,2026-11-27,Double,4,2013,INR,Completed
BKG51193,H106,Bengaluru,C2075,Priya Nagre,priya.nagre65@example.com,2026-12-26,2026-12-29,Single,4,13020,INR,Cancelled
BKG51194,H107,Delhi,C6034,Vivaan Joshi,vivaan.joshi74@example.com,2026-11-09,2026-11-12,Suite,1,24237,INR,Cancelled
BKG51195,H111,Bengaluru,C3563,Sneha Nagre,sneha.nagre34@example.com,2026-11-20,2026-11-27,Double,2,21792,INR,Pending
BKG51196,H120,Bengaluru,C7831,Ananya More,ananya.more44@example.com,2026-10-30,2026-11-02,Suite,3,13950,INR,Pending
BKG51197,H111,Chennai,C8369,Arjun Deshmukh,arjun.deshmukh49@example.com,2026-11-24,2026-11-29,Suite,4,1985,INR,Confirmed
BKG51198,H105,Delhi,C8486,Neha Deshmukh,neha.deshmukh45@example.com,2026-10-03,2026-10-10,Double,2,23494,INR,Pending
BKG51199,H111,Nashik,C8005,Arjun Sharma,arjun.sharma58@example.com,2026-11-11,2026-11-16,Double,2,22036,INR,Pending
BKG51200,H108,Chennai,C3629,Vivaan Patil,vivaan.patil51@example.com,2026-12-01,2026-12-07,Suite,1,23407,INR,Completed
BKG51201,H120,Jaipur,C7145,Rohan Kulkarni,rohan.kulkarni17@example.com,2026-10-13,2026-10-14,Deluxe,3,19425,INR,Completed
BKG51202,H116,Delhi,C3201,Karan Patil,karan.patil19@example.com,2026-11-11,2026-11-18,Suite,2,6728,INR,Cancelled
BKG51203,H115,Delhi,C5018,Ananya Patil,ananya.patil51@example.com,2026-12-13,2026-12-18,Deluxe,5,19200,INR,Confirmed
BKG51204,H111,Nashik,C6919,Aditya Patil,aditya.patil67@example.com,2026-10-28,2026-10-30,Deluxe,4,9260,INR,Pending
BKG51205,H109,Chennai,C5184,Arjun Joshi,arjun.joshi87@example.com,2026-10-03,2026-10-05,Single,4,15802,INR,Completed
BKG51206,H102,Jaipur,C9393,Aarav Jadhav,aarav.jadhav57@example.com,2026-10-03,2026-10-08,Suite,1,18322,INR,Completed
BKG51207,H111,Mumbai,C2100,Karan Kale,karan.kale19@example.com,2026-12-12,2026-12-13,Single,5,6984,INR,Completed
BKG51208,H103,Bengaluru,C8061,Sneha Joshi,sneha.joshi45@example.com,2026-11-29,2026-12-03,Double,3,4192,INR,Pending
BKG51209,H114,Pune,C1352,Priya Jadhav,priya.jadhav61@example.com,2026-12-13,2026-12-16,Single,5,14577,INR,Confirmed
BKG51210,H114,Hyderabad,C3466,Rohan Deshmukh,rohan.deshmukh43@example.com,2026-10-29,2026-11-03,Deluxe,5,16799,INR,Pending
BKG51211,H105,Pune,C4095,Meera Kale,meera.kale28@example.com,2026-10-27,2026-10-30,Double,1,2659,INR,Cancelled
BKG51212,H103,Bengaluru,C6366,Ananya Deshmukh,ananya.deshmukh50@example.com,2026-10-30,2026-11-05,Double,2,11726,INR,Completed
BKG51213,H107,Nashik,C6822,Karan Joshi,karan.joshi13@example.com,2026-10-18,2026-10-22,Single,4,2633,INR,Cancelled
BKG51214,H115,Mumbai,C8186,Neha Sharma,neha.sharma61@example.com,2026-10-26,2026-10-28,Suite,5,5884,INR,Cancelled
BKG51215,H117,Jaipur,C2994,Ananya Kale,ananya.kale30@example.com,2026-10-27,2026-10-28,Suite,5,13543,INR,Completed
BKG51216,H103,Pune,C9306,Rohan Joshi,rohan.joshi56@example.com,2026-12-01,2026-12-04,Single,4,2329,INR,Completed
BKG51217,H104,Delhi,C6812,Neha Pawar,neha.pawar56@example.com,2026-11-09,2026-11-16,Single,4,23164,INR,Cancelled
BKG51218,H113,Hyderabad,C8723,Meera Patil,meera.patil12@example.com,2026-11-05,2026-11-11,Deluxe,1,6411,INR,Cancelled
BKG51219,H105,Hyderabad,C9498,Sneha Sharma,sneha.sharma29@example.com,2026-10-18,2026-10-24,Suite,1,3804,INR,Pending
BKG51220,H114,Mumbai,C3581,Arjun Kale,arjun.kale63@example.com,2026-10-23,2026-10-25,Double,2,13762,INR,Cancelled
BKG51221,H107,Pune,C6015,Aarav More,aarav.more61@example.com,2026-12-20,2026-12-23,Deluxe,5,12320,INR,Confirmed
BKG51222,H116,Bengaluru,C1561,Arjun Sharma,arjun.sharma28@example.com,2026-11-22,2026-11-23,Suite,5,19009,INR,Cancelled
BKG51223,H112,Chennai,C4649,Vivaan Sharma,vivaan.sharma21@example.com,2026-11-23,2026-11-24,Single,4,17018,INR,Completed
BKG51224,H101,Jaipur,C6103,Aditya Kale,aditya.kale70@example.com,2026-11-30,2026-12-03,Double,3,23308,INR,Confirmed
BKG51225,H119,Mumbai,C4216,Priya More,priya.more26@example.com,2026-10-29,2026-11-03,Double,2,9190,INR,Confirmed
BKG51226,H110,Nashik,C2725,Meera Pawar,meera.pawar41@example.com,2026-10-29,2026-11-01,Double,3,12568,INR,Pending
BKG51227,H114,Pune,C7141,Aditya Deshmukh,aditya.deshmukh94@example.com,2026-10-19,2026-10-24,Single,4,22505,INR,Cancelled
BKG51228,H105,Nashik,C1559,Aditya Sharma,aditya.sharma40@example.com,2026-10-21,2026-10-25,Deluxe,1,20546,INR,Completed
BKG51229,H119,Mumbai,C7647,Arjun Joshi,arjun.joshi67@example.com,2026-10-28,2026-11-01,Deluxe,5,16213,INR,Pending
BKG51230,H111,Mumbai,C6526,Isha Jadhav,isha.jadhav33@example.com,2026-11-02,2026-11-05,Suite,5,16752,INR,Pending
BKG51231,H103,Nashik,C6988,Ananya Kulkarni,ananya.kulkarni64@example.com,2026-12-22,2026-12-23,Double,1,9242,INR,Confirmed
BKG51232,H110,Bengaluru,C3070,Vivaan Jadhav,vivaan.jadhav54@example.com,2026-11-09,2026-11-13,Suite,5,4518,INR,Completed
BKG51233,H105,Bengaluru,C4635,Ananya Joshi,ananya.joshi12@example.com,2026-10-26,2026-11-01,Deluxe,5,21491,INR,Confirmed
BKG51234,H118,Bengaluru,C4776,Ananya Deshmukh,ananya.deshmukh98@example.com,2026-12-07,2026-12-09,Deluxe,2,5081,INR,Cancelled
BKG51235,H118,Chennai,C7948,Meera Nagre,meera.nagre35@example.com,2026-11-05,2026-11-06,Suite,3,14572,INR,Completed
BKG51236,H105,Mumbai,C5916,Priya Deshmukh,priya.deshmukh10@example.com,2026-10-10,2026-10-13,Deluxe,2,21890,INR,Confirmed
BKG51237,H105,Hyderabad,C8880,Neha Nagre,neha.nagre30@example.com,2026-11-01,2026-11-05,Double,4,14612,INR,Cancelled
BKG51238,H108,Bengaluru,C5526,Arjun Patil,arjun.patil27@example.com,2026-11-21,2026-11-22,Double,2,16328,INR,Pending
BKG51239,H104,Nashik,C9530,Arjun Sharma,arjun.sharma49@example.com,2026-12-07,2026-12-08,Suite,2,23440,INR,Pending
BKG51240,H120,Chennai,C8445,Vivaan Jadhav,vivaan.jadhav29@example.com,2026-10-10,2026-10-17,Deluxe,3,3142,INR,Pending
BKG51241,H114,Mumbai,C3760,Vivaan More,vivaan.more98@example.com,2026-12-02,2026-12-09,Deluxe,2,18932,INR,Confirmed
BKG51242,H120,Mumbai,C6941,Meera Kale,meera.kale40@example.com,2026-12-25,2026-12-29,Suite,4,3656,INR,Pending
BKG51243,H109,Pune,C9321,Meera Kulkarni,meera.kulkarni52@example.com,2026-11-23,2026-11-29,Deluxe,3,4522,INR,Confirmed
BKG51244,H108,Chennai,C9110,Meera More,meera.more38@example.com,2026-12-15,2026-12-19,Deluxe,1,17786,INR,Completed
BKG51245,H104,Chennai,C2616,Aarav Kale,aarav.kale83@example.com,2026-10-13,2026-10-14,Double,3,20809,INR,Completed
BKG51246,H112,Chennai,C8213,Meera Sharma,meera.sharma68@example.com,2026-12-13,2026-12-20,Single,4,22382,INR,Confirmed
BKG51247,H106,Nashik,C1396,Rohan Kale,rohan.kale90@example.com,2026-11-12,2026-11-13,Deluxe,4,2729,INR,Pending
BKG51248,H112,Delhi,C5075,Arjun Deshmukh,arjun.deshmukh45@example.com,2026-11-27,2026-12-04,Single,3,16814,INR,Cancelled
BKG51249,H118,Jaipur,C6274,Rohan Jadhav,rohan.jadhav61@example.com,2026-11-14,2026-11-21,Double,4,4712,INR,Pending
BKG51250,H108,Nashik,C6187,Sneha Jadhav,sneha.jadhav49@example.com,2026-10-13,2026-10-19,Single,4,12053,INR,Cancelled
BKG51251,H109,Bengaluru,C8954,Neha Joshi,neha.joshi54@example.com,2026-11-13,2026-11-20,Suite,3,7017,INR,Pending
BKG51252,H107,Bengaluru,C6088,Aarav Patil,aarav.patil74@example.com,2026-12-29,2027-01-04,Deluxe,5,19437,INR,Completed
BKG51253,H107,Jaipur,C2530,Sneha Patil,sneha.patil21@example.com,2026-12-16,2026-12-22,Suite,3,6576,INR,Pending
BKG51254,H113,Nashik,C2698,Neha Nagre,neha.nagre47@example.com,2026-12-18,2026-12-23,Single,3,9167,INR,Confirmed
BKG51255,H105,Nashik,C5486,Rohan Jadhav,rohan.jadhav13@example.com,2026-12-03,2026-12-05,Double,2,9200,INR,Cancelled
BKG51256,H110,Hyderabad,C4993,Aditya Sharma,aditya.sharma12@example.com,2026-12-18,2026-12-22,Suite,4,20029,INR,Completed
BKG51257,H119,Chennai,C7548,Aditya Jadhav,aditya.jadhav90@example.com,2026-12-13,2026-12-17,Deluxe,3,10436,INR,Pending
BKG51258,H111,Hyderabad,C9854,Arjun Joshi,arjun.joshi55@example.com,2026-10-10,2026-10-16,Double,3,24817,INR,Cancelled
BKG51259,H116,Hyderabad,C9772,Vivaan Jadhav,vivaan.jadhav50@example.com,2026-10-14,2026-10-21,Double,3,24807,INR,Completed
BKG51260,H102,Pune,C8541,Karan Kale,karan.kale89@example.com,2026-11-26,2026-11-30,Suite,1,7414,INR,Completed
BKG51261,H112,Delhi,C8810,Ananya Sharma,ananya.sharma28@example.com,2026-10-09,2026-10-15,Deluxe,1,10846,INR,Confirmed
BKG51262,H116,Delhi,C8059,Meera Kale,meera.kale27@example.com,2026-11-20,2026-11-22,Suite,3,19442,INR,Pending
BKG51263,H117,Pune,C7671,Rohan Kale,rohan.kale28@example.com,2026-12-09,2026-12-15,Deluxe,1,21775,INR,Pending
BKG51264,H103,Bengaluru,C2043,Sneha Patil,sneha.patil77@example.com,2026-11-22,2026-11-28,Double,2,9952,INR,Cancelled
BKG51265,H104,Nashik,C6437,Aarav More,aarav.more21@example.com,2026-10-13,2026-10-17,Suite,4,14294,INR,Cancelled
BKG51266,H104,Mumbai,C6099,Arjun Nagre,arjun.nagre55@example.com,2026-10-23,2026-10-29,Suite,3,18173,INR,Cancelled
BKG51267,H107,Mumbai,C4714,Karan Pawar,karan.pawar54@example.com,2026-12-22,2026-12-28,Single,3,16602,INR,Pending
BKG51268,H102,Pune,C1970,Aarav Kale,aarav.kale97@example.com,2026-11-17,2026-11-18,Double,1,19138,INR,Confirmed
BKG51269,H110,Nashik,C1454,Arjun Pawar,arjun.pawar82@example.com,2026-12-12,2026-12-15,Single,2,7976,INR,Cancelled
BKG51270,H112,Nashik,C2589,Ananya Joshi,ananya.joshi97@example.com,2026-10-20,2026-10-25,Deluxe,5,7597,INR,Cancelled
BKG51271,H115,Mumbai,C1498,Ananya Nagre,ananya.nagre89@example.com,2026-10-05,2026-10-10,Single,3,11349,INR,Pending
BKG51272,H119,Jaipur,C9495,Isha Nagre,isha.nagre31@example.com,2026-10-13,2026-10-17,Double,5,6887,INR,Completed
BKG51273,H113,Jaipur,C8339,Isha Jadhav,isha.jadhav24@example.com,2026-12-25,2026-12-30,Single,3,9868,INR,Cancelled
BKG51274,H107,Mumbai,C7624,Rohan More,rohan.more15@example.com,2026-11-15,2026-11-16,Suite,5,5036,INR,Pending
BKG51275,H119,Bengaluru,C9716,Ananya Kale,ananya.kale76@example.com,2026-11-20,2026-11-27,Double,3,12296,INR,Completed
BKG51276,H114,Mumbai,C7624,Rohan Kulkarni,rohan.kulkarni65@example.com,2026-11-18,2026-11-19,Suite,1,17896,INR,Pending
BKG51277,H120,Pune,C7371,Ananya More,ananya.more49@example.com,2026-12-03,2026-12-10,Deluxe,1,19086,INR,Cancelled
BKG51278,H119,Pune,C9894,Vivaan Kulkarni,vivaan.kulkarni32@example.com,2026-12-22,2026-12-25,Single,5,2716,INR,Pending
BKG51279,H112,Bengaluru,C9811,Neha Joshi,neha.joshi16@example.com,2026-12-27,2027-01-03,Suite,5,18969,INR,Pending
BKG51280,H107,Nashik,C2617,Isha Sharma,isha.sharma68@example.com,2026-10-24,2026-10-26,Deluxe,1,8471,INR,Cancelled
BKG51281,H101,Hyderabad,C1742,Sneha Kale,sneha.kale58@example.com,2026-10-27,2026-11-02,Single,3,1955,INR,Pending
BKG51282,H108,Delhi,C7092,Aditya Pawar,aditya.pawar61@example.com,2026-10-06,2026-10-08,Double,5,9866,INR,Completed
BKG51283,H110,Chennai,C4357,Isha Kale,isha.kale93@example.com,2026-11-04,2026-11-08,Single,4,15354,INR,Pending
BKG51284,H109,Hyderabad,C1171,Rohan More,rohan.more90@example.com,2026-12-28,2027-01-01,Single,4,6023,INR,Confirmed
BKG51285,H104,Chennai,C3604,Isha Patil,isha.patil72@example.com,2026-10-09,2026-10-11,Deluxe,2,10204,INR,Pending
BKG51286,H110,Nashik,C5285,Ananya Kulkarni,ananya.kulkarni23@example.com,2026-10-16,2026-10-20,Double,1,19978,INR,Cancelled
BKG51287,H102,Bengaluru,C8684,Aditya Jadhav,aditya.jadhav71@example.com,2026-10-14,2026-10-15,Double,1,14516,INR,Confirmed
BKG51288,H108,Pune,C8143,Meera Patil,meera.patil88@example.com,2026-11-17,2026-11-21,Double,4,21362,INR,Cancelled
BKG51289,H102,Nashik,C1233,Rohan Deshmukh,rohan.deshmukh29@example.com,2026-11-13,2026-11-20,Deluxe,2,13272,INR,Cancelled
BKG51290,H113,Hyderabad,C7227,Isha Sharma,isha.sharma29@example.com,2026-11-07,2026-11-12,Single,2,7828,INR,Pending
BKG51291,H101,Bengaluru,C8218,Isha More,isha.more18@example.com,2026-11-01,2026-11-06,Deluxe,5,7078,INR,Pending
BKG51292,H103,Pune,C7717,Aarav Patil,aarav.patil76@example.com,2026-12-08,2026-12-09,Double,3,13936,INR,Cancelled
BKG51293,H101,Hyderabad,C7246,Vivaan Joshi,vivaan.joshi10@example.com,2026-12-12,2026-12-13,Suite,5,5720,INR,Confirmed
BKG51294,H103,Chennai,C1325,Sneha Jadhav,sneha.jadhav93@example.com,2026-11-30,2026-12-05,Suite,3,24266,INR,Completed
BKG51295,H116,Jaipur,C5097,Meera Joshi,meera.joshi54@example.com,2026-12-21,2026-12-25,Suite,2,16683,INR,Cancelled
BKG51296,H106,Bengaluru,C7365,Aditya Kulkarni,aditya.kulkarni42@example.com,2026-10-21,2026-10-24,Single,4,11625,INR,Confirmed
BKG51297,H118,Chennai,C4719,Priya Pawar,priya.pawar61@example.com,2026-10-17,2026-10-24,Deluxe,2,15097,INR,Completed
BKG51298,H115,Hyderabad,C7365,Priya More,priya.more69@example.com,2026-11-16,2026-11-19,Deluxe,4,6161,INR,Cancelled
BKG51299,H119,Jaipur,C4189,Rohan Joshi,rohan.joshi94@example.com,2026-12-19,2026-12-22,Suite,5,15176,INR,Pending
BKG51300,H105,Chennai,C8705,Rohan Pawar,rohan.pawar23@example.com,2026-12-09,2026-12-15,Suite,3,22233,INR,Confirmed
BKG51301,H111,Pune,C3568,Rohan Joshi,rohan.joshi94@example.com,2026-11-19,2026-11-24,Suite,2,16315,INR,Cancelled
BKG51302,H106,Hyderabad,C5479,Neha Kale,neha.kale97@example.com,2026-12-12,2026-12-19,Double,4,20643,INR,Cancelled
BKG51303,H115,Mumbai,C5026,Neha Deshmukh,neha.deshmukh26@example.com,2026-12-02,2026-12-05,Single,1,3941,INR,Confirmed
BKG51304,H111,Mumbai,C2474,Aarav Sharma,aarav.sharma50@example.com,2026-11-15,2026-11-17,Double,2,11878,INR,Pending
BKG51305,H119,Mumbai,C8318,Sneha Deshmukh,sneha.deshmukh70@example.com,2026-11-13,2026-11-19,Double,3,11736,INR,Cancelled
BKG51306,H114,Nashik,C2941,Aditya Nagre,aditya.nagre78@example.com,2026-12-19,2026-12-23,Double,5,19898,INR,Pending
BKG51307,H104,Nashik,C3403,Meera Joshi,meera.joshi66@example.com,2026-10-13,2026-10-20,Single,2,14282,INR,Completed
BKG51308,H101,Nashik,C6938,Priya Nagre,priya.nagre66@example.com,2026-12-14,2026-12-19,Double,4,2450,INR,Pending
BKG51309,H112,Mumbai,C2129,Arjun Patil,arjun.patil32@example.com,2026-10-18,2026-10-23,Deluxe,4,6698,INR,Cancelled
BKG51310,H110,Chennai,C2362,Isha Deshmukh,isha.deshmukh55@example.com,2026-12-17,2026-12-24,Suite,1,22177,INR,Cancelled
BKG51311,H107,Pune,C9412,Arjun Kulkarni,arjun.kulkarni45@example.com,2026-12-06,2026-12-07,Suite,3,7268,INR,Cancelled
BKG51312,H109,Mumbai,C8356,Meera Kulkarni,meera.kulkarni65@example.com,2026-11-13,2026-11-14,Deluxe,4,23407,INR,Pending
BKG51313,H105,Chennai,C1175,Ananya Sharma,ananya.sharma83@example.com,2026-10-03,2026-10-06,Suite,2,17204,INR,Completed
BKG51314,H113,Jaipur,C6500,Aarav Kulkarni,aarav.kulkarni56@example.com,2026-12-05,2026-12-12,Suite,4,24976,INR,Cancelled
BKG51315,H118,Mumbai,C4161,Arjun Kulkarni,arjun.kulkarni72@example.com,2026-11-06,2026-11-09,Single,4,23813,INR,Pending
BKG51316,H101,Bengaluru,C3106,Ananya Patil,ananya.patil23@example.com,2026-11-01,2026-11-02,Double,3,3928,INR,Cancelled
BKG51317,H101,Nashik,C1221,Vivaan Patil,vivaan.patil53@example.com,2026-12-19,2026-12-20,Double,5,22316,INR,Pending
BKG51318,H120,Mumbai,C2999,Isha Patil,isha.patil17@example.com,2026-12-30,2027-01-01,Double,1,7880,INR,Confirmed
BKG51319,H108,Nashik,C4445,Aarav Pawar,aarav.pawar16@example.com,2026-10-11,2026-10-15,Deluxe,5,8112,INR,Cancelled
BKG51320,H120,Pune,C4049,Meera More,meera.more70@example.com,2026-11-06,2026-11-12,Single,4,7859,INR,Confirmed
BKG51321,H109,Bengaluru,C3358,Aditya Joshi,aditya.joshi79@example.com,2026-12-13,2026-12-15,Single,1,7966,INR,Pending
BKG51322,H113,Delhi,C5862,Rohan Nagre,rohan.nagre86@example.com,2026-11-22,2026-11-27,Deluxe,2,15776,INR,Pending
BKG51323,H117,Pune,C1115,Meera Joshi,meera.joshi93@example.com,2026-12-27,2026-12-30,Deluxe,2,3918,INR,Confirmed
BKG51324,H102,Mumbai,C8047,Priya Deshmukh,priya.deshmukh20@example.com,2026-12-26,2027-01-02,Suite,1,23902,INR,Pending
BKG51325,H120,Nashik,C2080,Sneha Deshmukh,sneha.deshmukh82@example.com,2026-11-03,2026-11-09,Deluxe,4,13534,INR,Pending
BKG51326,H116,Jaipur,C6136,Priya Kulkarni,priya.kulkarni79@example.com,2026-10-25,2026-10-27,Double,1,24438,INR,Completed
BKG51327,H111,Chennai,C7607,Priya More,priya.more69@example.com,2026-11-29,2026-12-03,Double,2,14434,INR,Confirmed
BKG51328,H113,Bengaluru,C3448,Aditya Deshmukh,aditya.deshmukh61@example.com,2026-11-16,2026-11-17,Suite,2,6749,INR,Cancelled
BKG51329,H113,Chennai,C8738,Vivaan Sharma,vivaan.sharma29@example.com,2026-11-04,2026-11-07,Double,1,18096,INR,Cancelled
BKG51330,H109,Bengaluru,C4732,Karan Jadhav,karan.jadhav34@example.com,2026-12-02,2026-12-07,Suite,4,16057,INR,Completed
BKG51331,H112,Bengaluru,C2737,Isha Sharma,isha.sharma18@example.com,2026-11-11,2026-11-17,Suite,5,11280,INR,Cancelled
BKG51332,H107,Delhi,C7822,Ananya More,ananya.more72@example.com,2026-10-02,2026-10-05,Double,3,22458,INR,Completed
BKG51333,H120,Nashik,C3121,Sneha Patil,sneha.patil77@example.com,2026-11-06,2026-11-09,Deluxe,2,13909,INR,Confirmed
BKG51334,H112,Nashik,C7833,Aarav More,aarav.more41@example.com,2026-10-27,2026-10-30,Double,3,22570,INR,Pending
BKG51335,H119,Hyderabad,C6425,Ananya Deshmukh,ananya.deshmukh99@example.com,2026-10-25,2026-10-27,Deluxe,5,9301,INR,Cancelled
BKG51336,H116,Jaipur,C1318,Priya Kale,priya.kale50@example.com,2026-12-05,2026-12-06,Suite,2,22234,INR,Confirmed
BKG51337,H115,Jaipur,C5359,Ananya More,ananya.more18@example.com,2026-11-27,2026-12-01,Double,3,6488,INR,Confirmed
BKG51338,H108,Delhi,C1051,Priya Joshi,priya.joshi51@example.com,2026-11-15,2026-11-22,Suite,5,6588,INR,Pending
BKG51339,H120,Hyderabad,C9787,Priya Deshmukh,priya.deshmukh35@example.com,2026-12-22,2026-12-24,Single,3,3784,INR,Pending
BKG51340,H114,Pune,C1179,Rohan Pawar,rohan.pawar48@example.com,2026-11-03,2026-11-05,Double,3,2628,INR,Completed
BKG51341,H115,Jaipur,C3419,Vivaan Deshmukh,vivaan.deshmukh67@example.com,2026-12-20,2026-12-24,Double,5,16353,INR,Confirmed
BKG51342,H109,Jaipur,C4241,Karan More,karan.more87@example.com,2026-11-28,2026-12-01,Double,5,6011,INR,Confirmed
BKG51343,H111,Chennai,C8817,Vivaan Sharma,vivaan.sharma57@example.com,2026-10-19,2026-10-22,Suite,5,2634,INR,Pending
BKG51344,H111,Bengaluru,C1566,Neha Nagre,neha.nagre92@example.com,2026-11-06,2026-11-09,Single,5,3630,INR,Completed
BKG51345,H105,Jaipur,C3484,Vivaan Patil,vivaan.patil23@example.com,2026-12-06,2026-12-08,Double,1,13606,INR,Pending
BKG51346,H111,Chennai,C2140,Vivaan Pawar,vivaan.pawar73@example.com,2026-11-21,2026-11-26,Single,5,15443,INR,Cancelled
BKG51347,H107,Pune,C8349,Ananya Patil,ananya.patil30@example.com,2026-10-15,2026-10-22,Deluxe,2,9640,INR,Confirmed
BKG51348,H116,Jaipur,C1695,Aarav Joshi,aarav.joshi15@example.com,2026-10-29,2026-11-05,Double,2,6311,INR,Pending
BKG51349,H101,Pune,C9360,Neha Pawar,neha.pawar47@example.com,2026-12-03,2026-12-04,Suite,5,4026,INR,Cancelled
BKG51350,H107,Jaipur,C4761,Sneha Sharma,sneha.sharma84@example.com,2026-12-02,2026-12-03,Deluxe,1,20857,INR,Cancelled
BKG51351,H105,Jaipur,C9786,Neha Joshi,neha.joshi10@example.com,2026-12-20,2026-12-26,Deluxe,3,20027,INR,Completed
BKG51352,H120,Delhi,C5199,Aditya Joshi,aditya.joshi52@example.com,2026-10-26,2026-10-29,Deluxe,4,5704,INR,Completed
BKG51353,H120,Mumbai,C9386,Aarav More,aarav.more61@example.com,2026-10-27,2026-10-29,Single,1,14496,INR,Cancelled
BKG51354,H110,Hyderabad,C4512,Rohan Kale,rohan.kale85@example.com,2026-11-08,2026-11-11,Suite,1,23028,INR,Pending
BKG51355,H101,Nashik,C6078,Rohan Jadhav,rohan.jadhav11@example.com,2026-10-28,2026-11-04,Double,3,8561,INR,Completed
BKG51356,H115,Delhi,C7403,Meera Deshmukh,meera.deshmukh87@example.com,2026-10-22,2026-10-26,Suite,5,21353,INR,Cancelled
BKG51357,H104,Delhi,C1005,Vivaan Kale,vivaan.kale13@example.com,2026-12-19,2026-12-20,Single,3,1800,INR,Completed
BKG51358,H106,Mumbai,C2594,Neha Kale,neha.kale16@example.com,2026-11-17,2026-11-19,Double,4,14016,INR,Pending
BKG51359,H110,Mumbai,C1574,Neha Sharma,neha.sharma25@example.com,2026-11-08,2026-11-10,Deluxe,4,8506,INR,Confirmed
BKG51360,H101,Nashik,C2845,Priya Nagre,priya.nagre21@example.com,2026-10-31,2026-11-04,Deluxe,3,2539,INR,Confirmed
BKG51361,H107,Chennai,C2068,Meera Nagre,meera.nagre60@example.com,2026-12-26,2026-12-30,Single,1,18099,INR,Completed
BKG51362,H101,Hyderabad,C1722,Neha Nagre,neha.nagre94@example.com,2026-10-09,2026-10-16,Deluxe,3,17501,INR,Pending
BKG51363,H107,Chennai,C4848,Aarav Kulkarni,aarav.kulkarni98@example.com,2026-11-27,2026-12-04,Single,1,20255,INR,Completed
BKG51364,H110,Bengaluru,C6965,Rohan Sharma,rohan.sharma21@example.com,2026-12-16,2026-12-19,Suite,4,19645,INR,Pending
BKG51365,H118,Chennai,C9860,Isha Deshmukh,isha.deshmukh28@example.com,2026-11-11,2026-11-17,Deluxe,4,7500,INR,Pending
BKG51366,H110,Mumbai,C3419,Priya Deshmukh,priya.deshmukh96@example.com,2026-12-03,2026-12-09,Suite,3,15946,INR,Pending
BKG51367,H112,Bengaluru,C8645,Aditya Deshmukh,aditya.deshmukh67@example.com,2026-12-09,2026-12-16,Double,1,13054,INR,Pending
BKG51368,H119,Pune,C3286,Ananya Nagre,ananya.nagre36@example.com,2026-12-28,2027-01-01,Single,4,5466,INR,Confirmed
BKG51369,H109,Jaipur,C3699,Sneha Sharma,sneha.sharma39@example.com,2026-12-27,2027-01-02,Deluxe,4,5631,INR,Pending
BKG51370,H117,Nashik,C7436,Ananya Pawar,ananya.pawar38@example.com,2026-12-13,2026-12-16,Suite,1,9199,INR,Cancelled
BKG51371,H101,Chennai,C9266,Meera Joshi,meera.joshi23@example.com,2026-12-03,2026-12-05,Single,3,9724,INR,Pending
BKG51372,H104,Bengaluru,C4130,Rohan Jadhav,rohan.jadhav13@example.com,2026-10-03,2026-10-04,Deluxe,1,8585,INR,Confirmed
BKG51373,H115,Delhi,C2949,Vivaan Kulkarni,vivaan.kulkarni64@example.com,2026-11-15,2026-11-21,Suite,1,24666,INR,Pending
BKG51374,H107,Pune,C5978,Neha Deshmukh,neha.deshmukh64@example.com,2026-12-19,2026-12-24,Suite,5,21242,INR,Completed
BKG51375,H111,Mumbai,C6759,Aarav More,aarav.more13@example.com,2026-11-02,2026-11-08,Suite,4,19462,INR,Completed
BKG51376,H120,Mumbai,C6752,Meera Kale,meera.kale97@example.com,2026-12-02,2026-12-03,Suite,1,17772,INR,Completed
BKG51377,H103,Hyderabad,C2360,Karan Jadhav,karan.jadhav41@example.com,2026-12-20,2026-12-21,Suite,4,12855,INR,Completed
BKG51378,H110,Bengaluru,C8393,Aarav Deshmukh,aarav.deshmukh37@example.com,2026-12-18,2026-12-22,Single,1,24207,INR,Confirmed
BKG51379,H103,Pune,C9226,Ananya More,ananya.more33@example.com,2026-11-29,2026-12-02,Suite,5,23220,INR,Pending
BKG51380,H117,Jaipur,C9047,Sneha Patil,sneha.patil32@example.com,2026-11-27,2026-11-30,Double,1,11312,INR,Completed
BKG51381,H103,Bengaluru,C4263,Vivaan Nagre,vivaan.nagre71@example.com,2026-12-02,2026-12-04,Single,4,23226,INR,Completed
BKG51382,H106,Mumbai,C4661,Aarav Kulkarni,aarav.kulkarni53@example.com,2026-12-27,2027-01-01,Suite,2,16370,INR,Confirmed
BKG51383,H105,Jaipur,C1388,Aditya Nagre,aditya.nagre66@example.com,2026-12-03,2026-12-06,Suite,1,19008,INR,Confirmed
BKG51384,H102,Mumbai,C5570,Neha More,neha.more65@example.com,2026-12-11,2026-12-17,Suite,1,3935,INR,Pending
BKG51385,H116,Mumbai,C7576,Isha Deshmukh,isha.deshmukh74@example.com,2026-11-01,2026-11-03,Single,1,7108,INR,Cancelled
BKG51386,H115,Bengaluru,C9945,Isha Joshi,isha.joshi57@example.com,2026-12-11,2026-12-14,Suite,1,23304,INR,Completed
BKG51387,H102,Jaipur,C4806,Vivaan Jadhav,vivaan.jadhav35@example.com,2026-10-19,2026-10-22,Double,4,2166,INR,Confirmed
BKG51388,H104,Jaipur,C9595,Ananya Sharma,ananya.sharma95@example.com,2026-11-04,2026-11-09,Single,3,6291,INR,Cancelled
BKG51389,H107,Mumbai,C8779,Priya Joshi,priya.joshi71@example.com,2026-12-01,2026-12-03,Single,2,14509,INR,Cancelled
BKG51390,H117,Hyderabad,C3383,Isha Nagre,isha.nagre18@example.com,2026-12-01,2026-12-06,Single,5,7197,INR,Completed
BKG51391,H108,Chennai,C5301,Isha Deshmukh,isha.deshmukh62@example.com,2026-10-08,2026-10-15,Suite,1,12301,INR,Confirmed
BKG51392,H113,Chennai,C8370,Rohan Deshmukh,rohan.deshmukh87@example.com,2026-10-29,2026-11-04,Double,4,21948,INR,Cancelled
BKG51393,H117,Mumbai,C5713,Rohan Kale,rohan.kale73@example.com,2026-10-10,2026-10-14,Single,4,3973,INR,Cancelled
BKG51394,H112,Jaipur,C5545,Isha Sharma,isha.sharma60@example.com,2026-11-05,2026-11-09,Deluxe,3,19340,INR,Pending
BKG51395,H116,Mumbai,C7326,Priya Jadhav,priya.jadhav98@example.com,2026-12-15,2026-12-21,Double,4,12845,INR,Completed
BKG51396,H117,Hyderabad,C2032,Arjun Jadhav,arjun.jadhav42@example.com,2026-12-20,2026-12-23,Deluxe,3,21278,INR,Pending
BKG51397,H119,Chennai,C4134,Arjun Joshi,arjun.joshi54@example.com,2026-11-09,2026-11-11,Deluxe,5,23954,INR,Pending
BKG51398,H114,Jaipur,C4086,Karan Kale,karan.kale88@example.com,2026-10-18,2026-10-25,Deluxe,2,24315,INR,Pending
BKG51399,H119,Jaipur,C9522,Rohan More,rohan.more32@example.com,2026-10-16,2026-10-22,Deluxe,2,8541,INR,Cancelled
BKG51400,H112,Jaipur,C5025,Isha More,isha.more60@example.com,2026-12-01,2026-12-07,Deluxe,5,16843,INR,Cancelled
BKG51401,H103,Hyderabad,C5138,Karan Kale,karan.kale25@example.com,2026-11-18,2026-11-25,Suite,1,3980,INR,Pending
BKG51402,H118,Chennai,C5540,Priya More,priya.more75@example.com,2026-12-12,2026-12-16,Double,3,3470,INR,Completed
BKG51403,H116,Jaipur,C8163,Sneha Patil,sneha.patil59@example.com,2026-11-10,2026-11-11,Double,2,5827,INR,Confirmed
BKG51404,H109,Chennai,C2761,Aarav Patil,aarav.patil80@example.com,2026-12-08,2026-12-11,Double,1,24302,INR,Cancelled
BKG51405,H102,Hyderabad,C1162,Aarav Kale,aarav.kale24@example.com,2026-11-13,2026-11-18,Deluxe,3,15883,INR,Cancelled
BKG51406,H120,Jaipur,C5371,Rohan Kale,rohan.kale80@example.com,2026-11-15,2026-11-22,Double,2,2552,INR,Cancelled
BKG51407,H107,Delhi,C9876,Aditya Pawar,aditya.pawar88@example.com,2026-10-03,2026-10-05,Single,5,21923,INR,Completed
BKG51408,H108,Delhi,C7659,Vivaan Patil,vivaan.patil38@example.com,2026-10-31,2026-11-04,Double,2,9020,INR,Confirmed
BKG51409,H110,Hyderabad,C8131,Aarav Joshi,aarav.joshi84@example.com,2026-12-16,2026-12-23,Suite,4,8792,INR,Confirmed
BKG51410,H115,Delhi,C8251,Vivaan Pawar,vivaan.pawar29@example.com,2026-11-19,2026-11-26,Suite,1,19536,INR,Cancelled
BKG51411,H114,Chennai,C9585,Isha More,isha.more53@example.com,2026-11-11,2026-11-12,Suite,5,21973,INR,Completed
BKG51412,H112,Hyderabad,C3368,Sneha Joshi,sneha.joshi19@example.com,2026-12-16,2026-12-23,Suite,2,15038,INR,Cancelled
BKG51413,H113,Pune,C5492,Arjun Deshmukh,arjun.deshmukh41@example.com,2026-11-07,2026-11-09,Suite,5,17191,INR,Cancelled
BKG51414,H115,Nashik,C1359,Isha Patil,isha.patil59@example.com,2026-12-13,2026-12-16,Deluxe,4,2471,INR,Completed
BKG51415,H114,Delhi,C2466,Meera More,meera.more65@example.com,2026-11-02,2026-11-05,Double,3,13812,INR,Completed
BKG51416,H108,Jaipur,C9474,Aditya Nagre,aditya.nagre86@example.com,2026-12-07,2026-12-14,Double,1,14299,INR,Confirmed
BKG51417,H106,Delhi,C2514,Rohan Patil,rohan.patil88@example.com,2026-12-29,2027-01-03,Single,3,4397,INR,Completed
BKG51418,H105,Mumbai,C8142,Aditya Kulkarni,aditya.kulkarni45@example.com,2026-10-24,2026-10-26,Suite,3,7260,INR,Cancelled
BKG51419,H102,Pune,C3883,Vivaan Kale,vivaan.kale46@example.com,2026-12-10,2026-12-14,Suite,2,9541,INR,Cancelled
BKG51420,H103,Jaipur,C2664,Sneha Patil,sneha.patil44@example.com,2026-10-23,2026-10-28,Single,4,19935,INR,Cancelled
BKG51421,H106,Pune,C5025,Aditya Jadhav,aditya.jadhav11@example.com,2026-11-11,2026-11-18,Double,3,18618,INR,Confirmed
BKG51422,H106,Jaipur,C1793,Neha Nagre,neha.nagre70@example.com,2026-10-20,2026-10-27,Double,2,21754,INR,Pending
BKG51423,H115,Bengaluru,C3870,Priya Joshi,priya.joshi24@example.com,2026-11-01,2026-11-03,Single,1,14167,INR,Confirmed
BKG51424,H117,Jaipur,C9028,Karan More,karan.more96@example.com,2026-11-20,2026-11-25,Suite,5,17090,INR,Completed
BKG51425,H114,Jaipur,C3735,Karan Jadhav,karan.jadhav74@example.com,2026-12-03,2026-12-05,Single,2,4205,INR,Pending
BKG51426,H114,Hyderabad,C7269,Vivaan Kale,vivaan.kale58@example.com,2026-11-08,2026-11-11,Single,3,17765,INR,Confirmed
BKG51427,H105,Bengaluru,C8372,Rohan Pawar,rohan.pawar85@example.com,2026-10-18,2026-10-24,Deluxe,4,9811,INR,Confirmed
BKG51428,H109,Nashik,C8976,Rohan More,rohan.more61@example.com,2026-11-29,2026-12-05,Suite,3,8507,INR,Cancelled
BKG51429,H108,Nashik,C3385,Neha Sharma,neha.sharma91@example.com,2026-10-13,2026-10-16,Deluxe,1,13286,INR,Completed
BKG51430,H103,Mumbai,C5817,Isha Pawar,isha.pawar55@example.com,2026-12-05,2026-12-10,Suite,1,17510,INR,Pending
BKG51431,H110,Pune,C9303,Arjun Joshi,arjun.joshi31@example.com,2026-10-02,2026-10-03,Double,5,10634,INR,Confirmed
BKG51432,H117,Jaipur,C7083,Ananya Joshi,ananya.joshi13@example.com,2026-11-27,2026-12-01,Deluxe,5,16882,INR,Pending
BKG51433,H102,Pune,C9471,Karan Deshmukh,karan.deshmukh84@example.com,2026-10-16,2026-10-20,Suite,4,18641,INR,Confirmed
BKG51434,H111,Chennai,C8207,Aditya Pawar,aditya.pawar91@example.com,2026-11-04,2026-11-06,Double,2,4853,INR,Pending
BKG51435,H102,Hyderabad,C1722,Neha Joshi,neha.joshi48@example.com,2026-10-02,2026-10-04,Double,4,20454,INR,Completed
BKG51436,H118,Nashik,C5181,Aditya Pawar,aditya.pawar36@example.com,2026-10-01,2026-10-02,Double,1,10500,INR,Confirmed
BKG51437,H106,Jaipur,C9086,Rohan More,rohan.more24@example.com,2026-10-11,2026-10-17,Suite,3,22011,INR,Completed
BKG51438,H118,Delhi,C9978,Karan Kale,karan.kale52@example.com,2026-12-20,2026-12-26,Deluxe,5,6898,INR,Cancelled
BKG51439,H114,Pune,C8920,Rohan Sharma,rohan.sharma44@example.com,2026-11-12,2026-11-17,Deluxe,4,15061,INR,Pending
BKG51440,H105,Jaipur,C4664,Karan Patil,karan.patil38@example.com,2026-11-01,2026-11-05,Double,1,24651,INR,Completed
BKG51441,H114,Mumbai,C6427,Meera Pawar,meera.pawar48@example.com,2026-10-11,2026-10-13,Double,5,17567,INR,Pending
BKG51442,H113,Mumbai,C8081,Aarav Pawar,aarav.pawar29@example.com,2026-11-23,2026-11-27,Single,3,13936,INR,Pending
BKG51443,H116,Hyderabad,C7494,Rohan More,rohan.more85@example.com,2026-10-28,2026-11-01,Suite,2,11186,INR,Cancelled
BKG51444,H120,Mumbai,C6360,Arjun Nagre,arjun.nagre85@example.com,2026-11-18,2026-11-25,Single,1,4490,INR,Confirmed
BKG51445,H114,Nashik,C9072,Aditya Jadhav,aditya.jadhav21@example.com,2026-12-29,2027-01-04,Double,1,1868,INR,Cancelled
BKG51446,H110,Pune,C7010,Aarav Nagre,aarav.nagre96@example.com,2026-12-27,2027-01-03,Deluxe,5,4667,INR,Cancelled
BKG51447,H104,Chennai,C1639,Karan Deshmukh,karan.deshmukh84@example.com,2026-10-11,2026-10-12,Single,2,7368,INR,Completed
BKG51448,H119,Nashik,C5775,Vivaan Kulkarni,vivaan.kulkarni88@example.com,2026-12-07,2026-12-08,Deluxe,2,3928,INR,Pending
BKG51449,H104,Jaipur,C9134,Aditya Jadhav,aditya.jadhav87@example.com,2026-10-29,2026-11-04,Deluxe,1,14690,INR,Cancelled
BKG51450,H115,Delhi,C6878,Meera More,meera.more75@example.com,2026-11-09,2026-11-12,Suite,4,9504,INR,Pending
BKG51451,H115,Bengaluru,C3437,Rohan Joshi,rohan.joshi29@example.com,2026-10-05,2026-10-06,Single,5,5657,INR,Confirmed
BKG51452,H105,Nashik,C2204,Priya Nagre,priya.nagre46@example.com,2026-11-12,2026-11-18,Deluxe,5,9639,INR,Completed
BKG51453,H118,Chennai,C5957,Neha Patil,neha.patil36@example.com,2026-11-30,2026-12-06,Single,3,6929,INR,Cancelled
BKG51454,H102,Chennai,C1515,Arjun Patil,arjun.patil42@example.com,2026-11-19,2026-11-21,Suite,4,23372,INR,Pending
BKG51455,H111,Delhi,C7920,Priya Nagre,priya.nagre94@example.com,2026-11-10,2026-11-17,Double,1,7179,INR,Completed
BKG51456,H111,Bengaluru,C3428,Vivaan More,vivaan.more15@example.com,2026-10-18,2026-10-20,Suite,3,8427,INR,Completed
BKG51457,H112,Hyderabad,C6620,Aarav Sharma,aarav.sharma88@example.com,2026-11-17,2026-11-20,Single,1,17620,INR,Cancelled
BKG51458,H117,Nashik,C5481,Aditya Deshmukh,aditya.deshmukh77@example.com,2026-11-20,2026-11-25,Double,4,3091,INR,Pending
BKG51459,H102,Nashik,C5662,Ananya More,ananya.more52@example.com,2026-10-03,2026-10-07,Single,4,15472,INR,Cancelled
BKG51460,H108,Delhi,C8361,Arjun Kale,arjun.kale43@example.com,2026-11-08,2026-11-14,Single,2,23703,INR,Completed
BKG51461,H117,Pune,C4756,Karan Sharma,karan.sharma15@example.com,2026-10-29,2026-11-05,Suite,2,14808,INR,Completed
BKG51462,H109,Pune,C9770,Aarav Patil,aarav.patil79@example.com,2026-11-23,2026-11-24,Deluxe,5,23535,INR,Completed
BKG51463,H118,Hyderabad,C5712,Sneha Joshi,sneha.joshi24@example.com,2026-10-31,2026-11-04,Deluxe,2,19660,INR,Confirmed
BKG51464,H103,Delhi,C6387,Isha Pawar,isha.pawar92@example.com,2026-11-01,2026-11-05,Single,1,6055,INR,Cancelled
BKG51465,H109,Delhi,C7809,Isha Kulkarni,isha.kulkarni30@example.com,2026-11-24,2026-11-26,Double,3,4998,INR,Pending
BKG51466,H103,Delhi,C2249,Ananya Jadhav,ananya.jadhav29@example.com,2026-10-16,2026-10-23,Single,2,3962,INR,Cancelled
BKG51467,H111,Delhi,C2990,Vivaan More,vivaan.more74@example.com,2026-12-08,2026-12-12,Single,4,23688,INR,Confirmed
BKG51468,H112,Mumbai,C3891,Arjun Patil,arjun.patil59@example.com,2026-10-25,2026-10-30,Deluxe,1,22127,INR,Confirmed
BKG51469,H111,Jaipur,C3628,Aditya Nagre,aditya.nagre76@example.com,2026-12-28,2027-01-02,Double,4,22495,INR,Confirmed
BKG51470,H114,Nashik,C2697,Arjun Pawar,arjun.pawar75@example.com,2026-11-21,2026-11-23,Double,2,22151,INR,Confirmed
BKG51471,H116,Pune,C8502,Meera Joshi,meera.joshi59@example.com,2026-11-11,2026-11-17,Deluxe,2,3175,INR,Completed
BKG51472,H119,Jaipur,C6824,Rohan Sharma,rohan.sharma12@example.com,2026-12-25,2026-12-28,Deluxe,4,2043,INR,Completed
BKG51473,H104,Jaipur,C9529,Vivaan Nagre,vivaan.nagre81@example.com,2026-10-15,2026-10-20,Double,4,17998,INR,Confirmed
BKG51474,H111,Mumbai,C5032,Sneha Sharma,sneha.sharma49@example.com,2026-12-08,2026-12-15,Suite,3,3075,INR,Confirmed
BKG51475,H109,Jaipur,C7220,Karan Nagre,karan.nagre29@example.com,2026-11-05,2026-11-08,Suite,1,19198,INR,Confirmed
BKG51476,H110,Bengaluru,C7667,Priya Kulkarni,priya.kulkarni12@example.com,2026-10-04,2026-10-07,Deluxe,2,4849,INR,Confirmed
BKG51477,H104,Mumbai,C5329,Arjun Patil,arjun.patil52@example.com,2026-11-10,2026-11-11,Double,5,8756,INR,Cancelled
BKG51478,H110,Delhi,C9869,Aarav Kulkarni,aarav.kulkarni20@example.com,2026-12-10,2026-12-15,Deluxe,5,23358,INR,Confirmed
BKG51479,H110,Mumbai,C7885,Neha Sharma,neha.sharma21@example.com,2026-12-24,2026-12-27,Deluxe,1,6285,INR,Confirmed
BKG51480,H104,Mumbai,C8815,Sneha Sharma,sneha.sharma15@example.com,2026-11-30,2026-12-07,Deluxe,4,19559,INR,Pending
BKG51481,H118,Mumbai,C5057,Aditya Kale,aditya.kale20@example.com,2026-11-12,2026-11-14,Double,5,24760,INR,Confirmed
BKG51482,H105,Delhi,C3775,Priya Joshi,priya.joshi97@example.com,2026-12-05,2026-12-07,Suite,1,24128,INR,Cancelled
BKG51483,H108,Delhi,C1973,Priya Jadhav,priya.jadhav65@example.com,2026-10-28,2026-11-02,Suite,2,19094,INR,Pending
BKG51484,H119,Chennai,C7743,Aditya Pawar,aditya.pawar84@example.com,2026-11-06,2026-11-09,Double,5,5884,INR,Pending
BKG51485,H116,Bengaluru,C1024,Isha Kale,isha.kale24@example.com,2026-11-21,2026-11-26,Double,3,24452,INR,Cancelled
BKG51486,H104,Chennai,C5077,Isha Kale,isha.kale26@example.com,2026-10-06,2026-10-08,Double,1,4165,INR,Cancelled
BKG51487,H104,Mumbai,C1047,Rohan Kulkarni,rohan.kulkarni93@example.com,2026-10-27,2026-11-02,Single,1,15344,INR,Pending
BKG51488,H105,Chennai,C3409,Rohan More,rohan.more92@example.com,2026-10-16,2026-10-23,Deluxe,3,15271,INR,Pending
BKG51489,H105,Delhi,C4388,Priya Joshi,priya.joshi59@example.com,2026-11-15,2026-11-17,Double,4,17820,INR,Completed
BKG51490,H101,Delhi,C8100,Aarav Kulkarni,aarav.kulkarni69@example.com,2026-10-21,2026-10-22,Single,4,18979,INR,Cancelled
BKG51491,H110,Mumbai,C3306,Neha Patil,neha.patil46@example.com,2026-11-05,2026-11-07,Suite,1,17306,INR,Completed
BKG51492,H108,Delhi,C8363,Arjun Kulkarni,arjun.kulkarni35@example.com,2026-12-28,2027-01-04,Deluxe,4,14599,INR,Cancelled
BKG51493,H115,Bengaluru,C3188,Priya Joshi,priya.joshi12@example.com,2026-10-31,2026-11-06,Suite,4,8972,INR,Confirmed
BKG51494,H117,Mumbai,C5175,Karan Deshmukh,karan.deshmukh98@example.com,2026-10-13,2026-10-16,Deluxe,4,2465,INR,Confirmed
BKG51495,H109,Pune,C5003,Rohan Kulkarni,rohan.kulkarni95@example.com,2026-12-11,2026-12-18,Double,4,19112,INR,Cancelled
BKG51496,H118,Mumbai,C7877,Aarav Deshmukh,aarav.deshmukh82@example.com,2026-11-13,2026-11-14,Suite,2,7939,INR,Pending
BKG51497,H109,Jaipur,C5456,Meera Pawar,meera.pawar85@example.com,2026-10-26,2026-11-01,Suite,5,20320,INR,Confirmed
BKG51498,H120,Hyderabad,C4216,Neha More,neha.more41@example.com,2026-11-11,2026-11-12,Deluxe,3,17246,INR,Pending
BKG51499,H114,Pune,C1270,Priya Joshi,priya.joshi98@example.com,2026-10-10,2026-10-11,Double,2,15258,INR,Cancelled
BKG51500,H118,Hyderabad,C2190,Priya Pawar,priya.pawar23@example.com,2026-12-27,2027-01-01,Suite,2,9032,INR,Cancelled
BKG51501,H102,Nashik,C5202,Arjun Patil,arjun.patil11@example.com,2026-12-15,2026-12-19,Single,3,22870,INR,Cancelled
BKG51502,H108,Delhi,C2947,Vivaan Deshmukh,vivaan.deshmukh21@example.com,2026-11-02,2026-11-09,Double,1,17397,INR,Cancelled
BKG51503,H116,Hyderabad,C4545,Isha Sharma,isha.sharma62@example.com,2026-11-12,2026-11-13,Single,5,20899,INR,Pending
BKG51504,H112,Pune,C6848,Aarav Pawar,aarav.pawar67@example.com,2026-12-11,2026-12-17,Double,1,4995,INR,Pending
BKG51505,H106,Delhi,C4838,Rohan Nagre,rohan.nagre15@example.com,2026-10-23,2026-10-25,Double,2,6145,INR,Completed
BKG51506,H108,Delhi,C3204,Aarav More,aarav.more14@example.com,2026-10-16,2026-10-22,Double,3,22349,INR,Completed
BKG51507,H106,Bengaluru,C8762,Aditya Patil,aditya.patil58@example.com,2026-10-01,2026-10-03,Deluxe,1,19266,INR,Completed
BKG51508,H106,Bengaluru,C4470,Vivaan Patil,vivaan.patil19@example.com,2026-10-20,2026-10-24,Single,4,9312,INR,Pending
BKG51509,H118,Hyderabad,C9698,Meera Jadhav,meera.jadhav85@example.com,2026-12-14,2026-12-17,Suite,2,21273,INR,Completed
BKG51510,H120,Chennai,C8293,Neha Nagre,neha.nagre45@example.com,2026-11-10,2026-11-13,Double,1,8231,INR,Pending
BKG51511,H115,Mumbai,C2492,Neha Jadhav,neha.jadhav84@example.com,2026-10-15,2026-10-22,Double,1,9328,INR,Completed
BKG51512,H105,Pune,C1866,Neha Kale,neha.kale76@example.com,2026-10-24,2026-10-29,Double,2,9680,INR,Confirmed
BKG51513,H118,Jaipur,C2370,Rohan Jadhav,rohan.jadhav53@example.com,2026-12-07,2026-12-12,Single,3,10357,INR,Cancelled
BKG51514,H114,Bengaluru,C9037,Aditya Sharma,aditya.sharma36@example.com,2026-10-18,2026-10-25,Double,1,18772,INR,Completed
BKG51515,H118,Pune,C2314,Vivaan Pawar,vivaan.pawar51@example.com,2026-11-28,2026-11-30,Deluxe,3,2781,INR,Confirmed
BKG51516,H101,Hyderabad,C2371,Aarav Sharma,aarav.sharma51@example.com,2026-10-22,2026-10-29,Single,1,24342,INR,Completed
BKG51517,H118,Jaipur,C7088,Vivaan More,vivaan.more17@example.com,2026-12-20,2026-12-26,Single,2,13378,INR,Completed
BKG51518,H117,Nashik,C5750,Isha Patil,isha.patil47@example.com,2026-11-03,2026-11-05,Single,5,6647,INR,Pending
BKG51519,H103,Nashik,C3468,Priya Jadhav,priya.jadhav32@example.com,2026-11-06,2026-11-11,Single,3,14233,INR,Confirmed
BKG51520,H115,Chennai,C1431,Ananya Pawar,ananya.pawar15@example.com,2026-12-16,2026-12-17,Single,3,9848,INR,Pending
BKG51521,H103,Mumbai,C6923,Isha Deshmukh,isha.deshmukh76@example.com,2026-11-05,2026-11-10,Double,4,14177,INR,Cancelled
BKG51522,H109,Bengaluru,C9384,Neha Nagre,neha.nagre39@example.com,2026-11-11,2026-11-14,Single,3,11962,INR,Completed
BKG51523,H118,Chennai,C1646,Meera Sharma,meera.sharma90@example.com,2026-11-30,2026-12-01,Suite,2,9677,INR,Completed
BKG51524,H101,Mumbai,C9616,Sneha Deshmukh,sneha.deshmukh33@example.com,2026-10-17,2026-10-18,Single,3,3339,INR,Completed
BKG51525,H104,Nashik,C9672,Karan Jadhav,karan.jadhav10@example.com,2026-11-03,2026-11-09,Deluxe,2,19739,INR,Completed
BKG51526,H107,Hyderabad,C7195,Rohan Jadhav,rohan.jadhav34@example.com,2026-12-07,2026-12-13,Single,4,10575,INR,Cancelled
BKG51527,H105,Delhi,C7555,Isha Patil,isha.patil89@example.com,2026-12-26,2026-12-29,Double,5,20524,INR,Completed
BKG51528,H101,Delhi,C4977,Karan Nagre,karan.nagre63@example.com,2026-10-17,2026-10-20,Suite,2,5210,INR,Pending
BKG51529,H102,Delhi,C7393,Vivaan More,vivaan.more47@example.com,2026-12-20,2026-12-24,Double,3,14044,INR,Confirmed
BKG51530,H108,Pune,C7047,Aditya Pawar,aditya.pawar53@example.com,2026-12-09,2026-12-15,Double,3,8080,INR,Confirmed
BKG51531,H110,Jaipur,C7737,Priya Pawar,priya.pawar45@example.com,2026-11-07,2026-11-12,Single,2,5370,INR,Cancelled
BKG51532,H117,Pune,C3924,Ananya Jadhav,ananya.jadhav45@example.com,2026-11-12,2026-11-18,Double,4,21791,INR,Pending
BKG51533,H102,Delhi,C5774,Aarav Kulkarni,aarav.kulkarni40@example.com,2026-10-27,2026-10-29,Double,3,8167,INR,Pending
BKG51534,H113,Nashik,C4636,Meera Patil,meera.patil28@example.com,2026-10-14,2026-10-15,Single,5,16701,INR,Confirmed
BKG51535,H120,Bengaluru,C4255,Ananya Sharma,ananya.sharma40@example.com,2026-12-15,2026-12-16,Double,4,8903,INR,Completed
BKG51536,H108,Nashik,C1643,Isha Deshmukh,isha.deshmukh62@example.com,2026-10-05,2026-10-11,Single,1,21849,INR,Pending
BKG51537,H115,Hyderabad,C9204,Neha Patil,neha.patil62@example.com,2026-12-10,2026-12-16,Single,1,7856,INR,Confirmed
BKG51538,H104,Pune,C6482,Aarav Kale,aarav.kale63@example.com,2026-10-15,2026-10-20,Double,5,18966,INR,Cancelled
BKG51539,H111,Mumbai,C8738,Meera Pawar,meera.pawar91@example.com,2026-12-29,2027-01-02,Deluxe,3,21332,INR,Completed
BKG51540,H107,Mumbai,C7419,Aarav Kale,aarav.kale57@example.com,2026-12-18,2026-12-25,Deluxe,2,3698,INR,Pending
BKG51541,H104,Hyderabad,C9618,Sneha Patil,sneha.patil91@example.com,2026-12-13,2026-12-16,Single,5,11376,INR,Cancelled
BKG51542,H116,Bengaluru,C6619,Neha Jadhav,neha.jadhav13@example.com,2026-12-15,2026-12-17,Suite,2,7390,INR,Cancelled
BKG51543,H117,Chennai,C3423,Sneha Kale,sneha.kale19@example.com,2026-10-31,2026-11-04,Deluxe,3,12865,INR,Confirmed
BKG51544,H102,Pune,C5817,Vivaan Kulkarni,vivaan.kulkarni26@example.com,2026-12-06,2026-12-11,Suite,1,13820,INR,Pending
BKG51545,H113,Chennai,C8024,Rohan More,rohan.more65@example.com,2026-10-06,2026-10-11,Single,1,6020,INR,Confirmed
BKG51546,H102,Pune,C9524,Aarav Joshi,aarav.joshi36@example.com,2026-11-16,2026-11-20,Suite,5,4696,INR,Completed
BKG51547,H103,Jaipur,C6250,Aditya More,aditya.more37@example.com,2026-10-13,2026-10-15,Double,3,12958,INR,Confirmed
BKG51548,H118,Bengaluru,C4005,Neha Jadhav,neha.jadhav65@example.com,2026-12-13,2026-12-14,Suite,4,15709,INR,Cancelled
BKG51549,H110,Hyderabad,C1661,Ananya Kulkarni,ananya.kulkarni24@example.com,2026-10-31,2026-11-03,Single,5,16461,INR,Pending
BKG51550,H116,Jaipur,C9661,Karan Joshi,karan.joshi27@example.com,2026-11-22,2026-11-23,Double,2,22939,INR,Confirmed
BKG51551,H112,Mumbai,C8398,Aarav Patil,aarav.patil98@example.com,2026-12-28,2026-12-29,Single,5,13866,INR,Pending
BKG51552,H106,Chennai,C1259,Karan Kale,karan.kale67@example.com,2026-11-02,2026-11-07,Double,4,21390,INR,Completed
BKG51553,H118,Chennai,C8475,Isha Kulkarni,isha.kulkarni21@example.com,2026-12-06,2026-12-09,Double,5,13799,INR,Cancelled
BKG51554,H119,Hyderabad,C2687,Aditya Deshmukh,aditya.deshmukh47@example.com,2026-10-03,2026-10-10,Deluxe,5,22076,INR,Cancelled
BKG51555,H106,Pune,C4655,Rohan Patil,rohan.patil47@example.com,2026-10-19,2026-10-26,Suite,4,20278,INR,Completed
BKG51556,H118,Pune,C8750,Sneha Sharma,sneha.sharma29@example.com,2026-11-20,2026-11-26,Single,4,15487,INR,Completed
BKG51557,H110,Hyderabad,C4738,Aditya Joshi,aditya.joshi76@example.com,2026-12-17,2026-12-19,Deluxe,5,13655,INR,Cancelled
BKG51558,H101,Chennai,C5665,Isha Jadhav,isha.jadhav10@example.com,2026-11-14,2026-11-18,Single,2,24578,INR,Pending
BKG51559,H105,Delhi,C7656,Aarav Jadhav,aarav.jadhav85@example.com,2026-11-15,2026-11-20,Double,4,23456,INR,Confirmed
BKG51560,H119,Nashik,C7199,Ananya Pawar,ananya.pawar54@example.com,2026-11-22,2026-11-28,Single,2,2289,INR,Completed
BKG51561,H107,Delhi,C9660,Vivaan Nagre,vivaan.nagre50@example.com,2026-12-13,2026-12-16,Single,3,8092,INR,Completed
BKG51562,H108,Nashik,C6092,Ananya Nagre,ananya.nagre75@example.com,2026-11-04,2026-11-10,Single,1,7181,INR,Cancelled
BKG51563,H117,Chennai,C8115,Aarav Sharma,aarav.sharma86@example.com,2026-11-20,2026-11-24,Single,1,5626,INR,Cancelled
BKG51564,H107,Delhi,C6487,Vivaan Patil,vivaan.patil13@example.com,2026-10-07,2026-10-08,Suite,5,3634,INR,Confirmed
BKG51565,H103,Nashik,C6266,Karan Kale,karan.kale16@example.com,2026-11-28,2026-12-02,Double,5,8219,INR,Completed
BKG51566,H102,Nashik,C7036,Isha Nagre,isha.nagre38@example.com,2026-12-21,2026-12-24,Deluxe,1,18028,INR,Completed
BKG51567,H113,Bengaluru,C3660,Sneha Kulkarni,sneha.kulkarni17@example.com,2026-11-27,2026-11-29,Suite,4,23800,INR,Cancelled
BKG51568,H118,Bengaluru,C2509,Arjun Sharma,arjun.sharma72@example.com,2026-12-20,2026-12-27,Suite,4,3362,INR,Confirmed
BKG51569,H113,Hyderabad,C9585,Karan Sharma,karan.sharma96@example.com,2026-12-08,2026-12-11,Single,2,8302,INR,Completed
BKG51570,H105,Nashik,C6148,Rohan Patil,rohan.patil55@example.com,2026-10-22,2026-10-24,Deluxe,4,5362,INR,Confirmed
BKG51571,H107,Mumbai,C3692,Priya Sharma,priya.sharma96@example.com,2026-10-14,2026-10-15,Double,1,14246,INR,Cancelled
BKG51572,H117,Hyderabad,C6207,Neha Joshi,neha.joshi26@example.com,2026-11-29,2026-12-03,Deluxe,4,5773,INR,Cancelled
BKG51573,H118,Jaipur,C5862,Priya Patil,priya.patil49@example.com,2026-11-03,2026-11-08,Single,2,20766,INR,Confirmed
BKG51574,H110,Hyderabad,C9361,Aditya Pawar,aditya.pawar15@example.com,2026-10-13,2026-10-17,Deluxe,3,3533,INR,Completed
BKG51575,H104,Bengaluru,C7527,Rohan Kulkarni,rohan.kulkarni70@example.com,2026-12-08,2026-12-09,Double,4,18172,INR,Cancelled
BKG51576,H106,Hyderabad,C2512,Vivaan Sharma,vivaan.sharma72@example.com,2026-12-15,2026-12-20,Double,1,22387,INR,Pending
BKG51577,H106,Hyderabad,C9948,Ananya Pawar,ananya.pawar53@example.com,2026-12-02,2026-12-09,Suite,2,15759,INR,Cancelled
BKG51578,H106,Nashik,C9905,Vivaan Jadhav,vivaan.jadhav97@example.com,2026-11-10,2026-11-14,Single,3,9300,INR,Confirmed
BKG51579,H118,Pune,C8024,Priya Kale,priya.kale61@example.com,2026-12-27,2026-12-28,Suite,4,24741,INR,Completed
BKG51580,H113,Bengaluru,C9492,Priya Joshi,priya.joshi28@example.com,2026-10-02,2026-10-05,Single,4,19515,INR,Confirmed
BKG51581,H106,Jaipur,C4669,Isha Nagre,isha.nagre90@example.com,2026-11-14,2026-11-17,Double,1,14689,INR,Confirmed
BKG51582,H115,Bengaluru,C2719,Arjun Jadhav,arjun.jadhav97@example.com,2026-11-03,2026-11-07,Double,1,18932,INR,Confirmed
BKG51583,H111,Delhi,C7520,Sneha Nagre,sneha.nagre68@example.com,2026-12-16,2026-12-17,Deluxe,2,15888,INR,Confirmed
BKG51584,H102,Delhi,C6422,Aditya Nagre,aditya.nagre14@example.com,2026-12-17,2026-12-23,Double,5,15993,INR,Pending
BKG51585,H110,Jaipur,C6534,Isha Nagre,isha.nagre88@example.com,2026-12-05,2026-12-10,Single,1,11091,INR,Completed
BKG51586,H117,Bengaluru,C8502,Isha Jadhav,isha.jadhav14@example.com,2026-12-28,2027-01-03,Suite,1,13496,INR,Cancelled
BKG51587,H115,Nashik,C7398,Ananya Pawar,ananya.pawar71@example.com,2026-10-26,2026-10-31,Double,1,21971,INR,Pending
BKG51588,H120,Nashik,C2041,Neha Patil,neha.patil90@example.com,2026-12-24,2026-12-28,Suite,5,19239,INR,Completed
BKG51589,H120,Hyderabad,C8152,Ananya Nagre,ananya.nagre74@example.com,2026-12-03,2026-12-09,Double,2,12289,INR,Completed
BKG51590,H118,Hyderabad,C6215,Meera Sharma,meera.sharma97@example.com,2026-12-07,2026-12-08,Suite,2,24158,INR,Pending
BKG51591,H101,Pune,C6905,Aarav Kulkarni,aarav.kulkarni59@example.com,2026-11-18,2026-11-24,Deluxe,4,20451,INR,Confirmed
BKG51592,H106,Delhi,C5581,Isha Patil,isha.patil79@example.com,2026-10-23,2026-10-30,Deluxe,3,10592,INR,Cancelled
BKG51593,H115,Hyderabad,C7457,Ananya Pawar,ananya.pawar35@example.com,2026-10-18,2026-10-21,Deluxe,2,22715,INR,Cancelled
BKG51594,H119,Mumbai,C5412,Isha Jadhav,isha.jadhav60@example.com,2026-10-29,2026-11-05,Double,5,20562,INR,Pending
BKG51595,H109,Nashik,C2305,Neha Nagre,neha.nagre97@example.com,2026-12-27,2026-12-30,Double,5,12871,INR,Cancelled
BKG51596,H106,Jaipur,C3816,Arjun Pawar,arjun.pawar61@example.com,2026-12-15,2026-12-17,Double,3,19158,INR,Confirmed
BKG51597,H104,Chennai,C7410,Rohan Jadhav,rohan.jadhav57@example.com,2026-11-16,2026-11-17,Suite,5,10413,INR,Pending
BKG51598,H111,Hyderabad,C8992,Aarav Kale,aarav.kale97@example.com,2026-11-06,2026-11-13,Deluxe,2,2049,INR,Pending
BKG51599,H104,Nashik,C9394,Isha Kale,isha.kale83@example.com,2026-10-10,2026-10-17,Single,4,21428,INR,Cancelled
BKG51600,H117,Hyderabad,C6466,Aarav Joshi,aarav.joshi84@example.com,2026-10-31,2026-11-03,Single,1,13734,INR,Completed
BKG51601,H111,Hyderabad,C5812,Karan Patil,karan.patil68@example.com,2026-10-14,2026-10-17,Deluxe,2,5313,INR,Cancelled
BKG51602,H107,Jaipur,C7873,Arjun Kale,arjun.kale70@example.com,2026-12-07,2026-12-08,Double,4,16458,INR,Confirmed
BKG51603,H109,Pune,C3453,Aarav Kale,aarav.kale99@example.com,2026-12-22,2026-12-29,Single,3,4655,INR,Pending
BKG51604,H113,Bengaluru,C9671,Aditya More,aditya.more25@example.com,2026-12-29,2027-01-03,Suite,5,3770,INR,Completed
BKG51605,H112,Bengaluru,C3127,Aarav Kulkarni,aarav.kulkarni40@example.com,2026-12-05,2026-12-10,Deluxe,4,7134,INR,Pending
BKG51606,H114,Nashik,C1957,Ananya Pawar,ananya.pawar51@example.com,2026-12-14,2026-12-19,Suite,4,19459,INR,Pending
BKG51607,H105,Jaipur,C9073,Karan Nagre,karan.nagre53@example.com,2026-12-05,2026-12-08,Deluxe,5,22515,INR,Completed
BKG51608,H120,Mumbai,C5720,Arjun Deshmukh,arjun.deshmukh32@example.com,2026-12-04,2026-12-06,Deluxe,5,5688,INR,Completed
BKG51609,H105,Hyderabad,C1103,Arjun Sharma,arjun.sharma15@example.com,2026-10-06,2026-10-08,Deluxe,3,22744,INR,Cancelled
BKG51610,H105,Jaipur,C2897,Vivaan Joshi,vivaan.joshi51@example.com,2026-11-10,2026-11-11,Double,1,12416,INR,Completed
BKG51611,H107,Delhi,C7975,Aarav Jadhav,aarav.jadhav81@example.com,2026-10-24,2026-10-30,Single,3,11737,INR,Completed
BKG51612,H120,Nashik,C9039,Neha Kale,neha.kale28@example.com,2026-12-03,2026-12-10,Double,4,16512,INR,Pending
BKG51613,H105,Hyderabad,C1105,Isha Pawar,isha.pawar26@example.com,2026-11-16,2026-11-23,Double,3,11234,INR,Confirmed
BKG51614,H106,Bengaluru,C9903,Ananya Joshi,ananya.joshi23@example.com,2026-10-18,2026-10-20,Single,2,8359,INR,Confirmed
BKG51615,H120,Hyderabad,C2518,Isha Kulkarni,isha.kulkarni17@example.com,2026-11-18,2026-11-24,Single,1,18825,INR,Completed
BKG51616,H106,Nashik,C4342,Karan More,karan.more80@example.com,2026-11-29,2026-12-02,Single,5,7208,INR,Completed
BKG51617,H115,Jaipur,C3900,Ananya Patil,ananya.patil33@example.com,2026-11-14,2026-11-18,Suite,3,10330,INR,Pending
BKG51618,H113,Nashik,C3536,Priya Nagre,priya.nagre83@example.com,2026-10-05,2026-10-08,Double,5,4756,INR,Completed
BKG51619,H108,Nashik,C2676,Isha Jadhav,isha.jadhav60@example.com,2026-10-07,2026-10-12,Double,4,5762,INR,Cancelled
BKG51620,H107,Bengaluru,C4250,Vivaan More,vivaan.more66@example.com,2026-10-28,2026-11-02,Double,1,12476,INR,Cancelled
BKG51621,H119,Mumbai,C4508,Aditya Kale,aditya.kale62@example.com,2026-10-22,2026-10-23,Suite,3,23336,INR,Pending
BKG51622,H118,Hyderabad,C3358,Rohan Jadhav,rohan.jadhav40@example.com,2026-10-22,2026-10-25,Deluxe,2,20726,INR,Pending
BKG51623,H109,Bengaluru,C7847,Ananya Kulkarni,ananya.kulkarni25@example.com,2026-12-02,2026-12-08,Suite,4,8971,INR,Completed
BKG51624,H101,Bengaluru,C6450,Karan Joshi,karan.joshi43@example.com,2026-11-02,2026-11-07,Suite,5,5616,INR,Completed
BKG51625,H115,Pune,C1045,Sneha Kale,sneha.kale33@example.com,2026-12-13,2026-12-15,Suite,1,7111,INR,Pending
BKG51626,H115,Hyderabad,C9635,Rohan Kale,rohan.kale73@example.com,2026-10-15,2026-10-17,Suite,3,6331,INR,Cancelled
BKG51627,H104,Bengaluru,C3208,Aditya Sharma,aditya.sharma56@example.com,2026-11-20,2026-11-26,Single,5,7974,INR,Confirmed
BKG51628,H118,Hyderabad,C9011,Aarav Kulkarni,aarav.kulkarni87@example.com,2026-12-27,2026-12-31,Suite,3,24200,INR,Pending
BKG51629,H112,Hyderabad,C4026,Isha Jadhav,isha.jadhav40@example.com,2026-12-21,2026-12-26,Suite,1,3125,INR,Confirmed
BKG51630,H108,Mumbai,C7355,Karan Kulkarni,karan.kulkarni92@example.com,2026-10-11,2026-10-18,Deluxe,1,16880,INR,Pending
BKG51631,H119,Pune,C2534,Aditya Joshi,aditya.joshi12@example.com,2026-10-20,2026-10-26,Double,5,13211,INR,Confirmed
BKG51632,H116,Pune,C5542,Karan Joshi,karan.joshi93@example.com,2026-12-05,2026-12-07,Single,5,8233,INR,Completed
BKG51633,H107,Bengaluru,C9190,Priya Patil,priya.patil21@example.com,2026-12-17,2026-12-18,Double,4,3386,INR,Cancelled
BKG51634,H106,Bengaluru,C2935,Vivaan Joshi,vivaan.joshi97@example.com,2026-12-29,2027-01-02,Suite,4,23432,INR,Confirmed
BKG51635,H103,Pune,C2900,Vivaan Kale,vivaan.kale24@example.com,2026-11-18,2026-11-22,Single,2,7721,INR,Confirmed
BKG51636,H115,Hyderabad,C3229,Sneha Sharma,sneha.sharma53@example.com,2026-12-24,2026-12-30,Suite,2,8286,INR,Confirmed
BKG51637,H107,Delhi,C8069,Karan Kale,karan.kale58@example.com,2026-11-13,2026-11-15,Single,2,16720,INR,Confirmed
BKG51638,H106,Jaipur,C2646,Aditya Kulkarni,aditya.kulkarni21@example.com,2026-11-06,2026-11-07,Suite,5,6407,INR,Confirmed
BKG51639,H105,Hyderabad,C3460,Sneha Deshmukh,sneha.deshmukh86@example.com,2026-11-06,2026-11-10,Double,1,21179,INR,Pending
BKG51640,H103,Nashik,C1021,Arjun Pawar,arjun.pawar37@example.com,2026-12-25,2026-12-30,Deluxe,2,24559,INR,Confirmed
BKG51641,H115,Jaipur,C2944,Vivaan Joshi,vivaan.joshi28@example.com,2026-11-05,2026-11-07,Suite,3,19812,INR,Pending
BKG51642,H105,Nashik,C4474,Neha Kulkarni,neha.kulkarni13@example.com,2026-11-03,2026-11-04,Double,1,6415,INR,Confirmed
BKG51643,H112,Bengaluru,C3654,Neha Patil,neha.patil71@example.com,2026-10-30,2026-11-04,Suite,3,3776,INR,Confirmed
BKG51644,H114,Delhi,C7983,Priya Patil,priya.patil85@example.com,2026-10-03,2026-10-07,Double,2,5944,INR,Confirmed
BKG51645,H109,Delhi,C3599,Arjun Deshmukh,arjun.deshmukh97@example.com,2026-12-20,2026-12-26,Single,2,24776,INR,Confirmed
BKG51646,H104,Nashik,C1277,Rohan Sharma,rohan.sharma88@example.com,2026-11-16,2026-11-20,Suite,5,22766,INR,Pending
BKG51647,H120,Chennai,C2064,Neha Kulkarni,neha.kulkarni57@example.com,2026-11-26,2026-12-01,Deluxe,3,11140,INR,Cancelled
BKG51648,H116,Pune,C2744,Rohan Kulkarni,rohan.kulkarni27@example.com,2026-11-02,2026-11-06,Suite,1,5422,INR,Confirmed
BKG51649,H104,Mumbai,C1635,Vivaan Jadhav,vivaan.jadhav36@example.com,2026-10-04,2026-10-11,Suite,5,9331,INR,Completed
BKG51650,H103,Mumbai,C9012,Neha Kulkarni,neha.kulkarni30@example.com,2026-11-24,2026-11-29,Single,5,2230,INR,Pending
BKG51651,H105,Hyderabad,C1500,Priya Patil,priya.patil23@example.com,2026-11-13,2026-11-19,Single,4,4566,INR,Confirmed
BKG51652,H104,Pune,C5039,Neha More,neha.more16@example.com,2026-11-29,2026-12-05,Double,3,4411,INR,Pending
BKG51653,H109,Hyderabad,C9062,Arjun Jadhav,arjun.jadhav48@example.com,2026-10-26,2026-11-02,Suite,2,5542,INR,Confirmed
BKG51654,H114,Chennai,C3978,Aarav Kale,aarav.kale54@example.com,2026-12-08,2026-12-15,Deluxe,4,15756,INR,Pending
BKG51655,H107,Chennai,C2975,Priya Sharma,priya.sharma81@example.com,2026-10-01,2026-10-04,Double,2,21688,INR,Cancelled
BKG51656,H114,Hyderabad,C7450,Priya Kulkarni,priya.kulkarni65@example.com,2026-10-20,2026-10-21,Deluxe,5,3899,INR,Cancelled
BKG51657,H101,Delhi,C1526,Meera More,meera.more17@example.com,2026-11-04,2026-11-08,Suite,4,5082,INR,Pending
BKG51658,H101,Delhi,C2112,Isha Kale,isha.kale24@example.com,2026-10-07,2026-10-11,Suite,4,5873,INR,Confirmed
BKG51659,H119,Jaipur,C4866,Aarav Kulkarni,aarav.kulkarni79@example.com,2026-12-10,2026-12-11,Deluxe,5,1899,INR,Cancelled
BKG51660,H111,Nashik,C3821,Isha Patil,isha.patil15@example.com,2026-11-02,2026-11-07,Single,5,11552,INR,Completed
BKG51661,H116,Mumbai,C4665,Sneha Jadhav,sneha.jadhav92@example.com,2026-10-09,2026-10-11,Suite,5,16185,INR,Completed
BKG51662,H118,Nashik,C5795,Neha Kale,neha.kale23@example.com,2026-11-22,2026-11-26,Single,2,8887,INR,Pending
BKG51663,H116,Bengaluru,C5361,Aarav More,aarav.more41@example.com,2026-10-30,2026-11-06,Double,3,16116,INR,Cancelled
BKG51664,H119,Delhi,C5737,Meera Jadhav,meera.jadhav84@example.com,2026-12-12,2026-12-13,Suite,1,3995,INR,Cancelled
BKG51665,H101,Mumbai,C4512,Neha Nagre,neha.nagre69@example.com,2026-10-07,2026-10-12,Suite,5,7420,INR,Confirmed
BKG51666,H106,Mumbai,C1450,Neha Sharma,neha.sharma90@example.com,2026-12-24,2026-12-30,Deluxe,1,19683,INR,Cancelled
BKG51667,H119,Mumbai,C9405,Arjun Kale,arjun.kale86@example.com,2026-12-04,2026-12-11,Suite,2,5468,INR,Completed
BKG51668,H117,Delhi,C5748,Aarav Jadhav,aarav.jadhav94@example.com,2026-12-05,2026-12-06,Single,5,14874,INR,Pending
BKG51669,H106,Jaipur,C2971,Ananya Nagre,ananya.nagre67@example.com,2026-11-15,2026-11-20,Double,5,16229,INR,Completed
BKG51670,H106,Jaipur,C2012,Aarav Jadhav,aarav.jadhav13@example.com,2026-11-03,2026-11-08,Single,4,17342,INR,Completed
BKG51671,H106,Mumbai,C4096,Isha Patil,isha.patil58@example.com,2026-12-12,2026-12-13,Deluxe,5,15013,INR,Confirmed
BKG51672,H116,Bengaluru,C5431,Aditya Jadhav,aditya.jadhav31@example.com,2026-12-16,2026-12-22,Suite,5,18337,INR,Completed
BKG51673,H119,Jaipur,C8818,Meera Pawar,meera.pawar95@example.com,2026-12-21,2026-12-22,Deluxe,1,21095,INR,Cancelled
BKG51674,H109,Nashik,C2449,Meera Patil,meera.patil84@example.com,2026-11-24,2026-11-25,Deluxe,4,3242,INR,Cancelled
BKG51675,H110,Chennai,C4673,Aditya More,aditya.more52@example.com,2026-11-18,2026-11-21,Single,4,20839,INR,Cancelled
BKG51676,H120,Hyderabad,C7909,Karan Sharma,karan.sharma99@example.com,2026-12-21,2026-12-24,Suite,4,19717,INR,Pending
BKG51677,H101,Pune,C5353,Sneha Pawar,sneha.pawar67@example.com,2026-12-05,2026-12-08,Double,1,16347,INR,Cancelled
BKG51678,H104,Bengaluru,C7324,Ananya Deshmukh,ananya.deshmukh28@example.com,2026-10-21,2026-10-24,Double,4,10818,INR,Confirmed
BKG51679,H108,Chennai,C5357,Ananya Kale,ananya.kale78@example.com,2026-11-21,2026-11-26,Double,5,3146,INR,Cancelled
BKG51680,H116,Mumbai,C3480,Karan Pawar,karan.pawar77@example.com,2026-11-26,2026-12-01,Single,4,2522,INR,Confirmed
BKG51681,H107,Mumbai,C2851,Karan Patil,karan.patil85@example.com,2026-11-01,2026-11-04,Double,2,15149,INR,Cancelled
BKG51682,H114,Mumbai,C1007,Rohan More,rohan.more53@example.com,2026-10-24,2026-10-26,Single,3,12325,INR,Completed
BKG51683,H106,Mumbai,C6904,Arjun Sharma,arjun.sharma45@example.com,2026-11-08,2026-11-12,Double,3,5881,INR,Completed
BKG51684,H107,Nashik,C5738,Arjun Sharma,arjun.sharma45@example.com,2026-10-04,2026-10-11,Suite,4,3870,INR,Completed
BKG51685,H117,Pune,C3078,Meera Patil,meera.patil99@example.com,2026-11-03,2026-11-08,Single,5,19528,INR,Completed
BKG51686,H105,Mumbai,C2588,Priya Jadhav,priya.jadhav44@example.com,2026-10-11,2026-10-15,Deluxe,4,18740,INR,Cancelled
BKG51687,H106,Hyderabad,C7464,Arjun Kale,arjun.kale90@example.com,2026-11-18,2026-11-21,Suite,5,23530,INR,Completed
BKG51688,H118,Jaipur,C8215,Meera Kale,meera.kale49@example.com,2026-12-04,2026-12-08,Deluxe,1,12525,INR,Pending
BKG51689,H104,Nashik,C3034,Arjun Sharma,arjun.sharma88@example.com,2026-10-18,2026-10-24,Double,1,24326,INR,Pending
BKG51690,H102,Pune,C6756,Rohan Pawar,rohan.pawar24@example.com,2026-10-10,2026-10-14,Single,4,24172,INR,Cancelled
BKG51691,H118,Bengaluru,C7470,Sneha Jadhav,sneha.jadhav36@example.com,2026-11-23,2026-11-26,Double,4,23021,INR,Confirmed
BKG51692,H109,Pune,C6369,Ananya Kale,ananya.kale57@example.com,2026-12-16,2026-12-17,Suite,4,2051,INR,Confirmed
BKG51693,H110,Delhi,C3227,Sneha Kale,sneha.kale48@example.com,2026-12-07,2026-12-12,Deluxe,2,3338,INR,Completed
BKG51694,H118,Delhi,C8126,Neha Kulkarni,neha.kulkarni65@example.com,2026-12-03,2026-12-07,Single,3,16080,INR,Cancelled
BKG51695,H111,Pune,C7941,Aarav Kulkarni,aarav.kulkarni56@example.com,2026-12-02,2026-12-09,Suite,3,19413,INR,Completed
BKG51696,H108,Jaipur,C4151,Karan Deshmukh,karan.deshmukh74@example.com,2026-12-17,2026-12-18,Suite,2,9746,INR,Pending
BKG51697,H105,Chennai,C4020,Neha Pawar,neha.pawar63@example.com,2026-11-13,2026-11-19,Deluxe,1,5352,INR,Pending
BKG51698,H112,Mumbai,C4751,Sneha Kale,sneha.kale16@example.com,2026-10-02,2026-10-08,Suite,2,7919,INR,Cancelled
BKG51699,H106,Bengaluru,C8405,Aditya Kulkarni,aditya.kulkarni64@example.com,2026-12-01,2026-12-07,Suite,3,14947,INR,Pending
BKG51700,H113,Jaipur,C1455,Sneha Patil,sneha.patil23@example.com,2026-10-11,2026-10-13,Deluxe,1,4824,INR,Pending
BKG51701,H113,Chennai,C1983,Ananya Jadhav,ananya.jadhav10@example.com,2026-12-08,2026-12-09,Single,4,21094,INR,Completed
BKG51702,H118,Delhi,C3095,Meera More,meera.more35@example.com,2026-10-11,2026-10-13,Deluxe,4,2246,INR,Completed
BKG51703,H109,Pune,C3689,Aditya Pawar,aditya.pawar91@example.com,2026-11-24,2026-11-25,Double,1,7194,INR,Cancelled
BKG51704,H108,Pune,C8844,Ananya Kulkarni,ananya.kulkarni53@example.com,2026-10-30,2026-11-03,Deluxe,5,14444,INR,Completed
BKG51705,H106,Hyderabad,C7038,Ananya Deshmukh,ananya.deshmukh43@example.com,2026-12-05,2026-12-07,Deluxe,2,5843,INR,Pending
BKG51706,H109,Jaipur,C1773,Karan Deshmukh,karan.deshmukh14@example.com,2026-12-26,2026-12-30,Deluxe,3,23191,INR,Pending
BKG51707,H111,Nashik,C3387,Isha More,isha.more35@example.com,2026-10-10,2026-10-11,Double,2,6851,INR,Pending
BKG51708,H116,Delhi,C2391,Ananya Kale,ananya.kale67@example.com,2026-11-26,2026-12-03,Suite,2,9759,INR,Cancelled
BKG51709,H101,Jaipur,C4140,Priya Nagre,priya.nagre81@example.com,2026-12-08,2026-12-12,Double,1,17356,INR,Confirmed
BKG51710,H102,Hyderabad,C2103,Isha Jadhav,isha.jadhav87@example.com,2026-11-19,2026-11-21,Single,3,12579,INR,Confirmed
BKG51711,H108,Hyderabad,C6325,Neha Kale,neha.kale79@example.com,2026-12-04,2026-12-11,Double,3,22251,INR,Pending
BKG51712,H101,Chennai,C1586,Rohan Kulkarni,rohan.kulkarni99@example.com,2026-12-21,2026-12-27,Single,5,4065,INR,Completed
BKG51713,H110,Delhi,C9425,Priya Jadhav,priya.jadhav18@example.com,2026-11-24,2026-11-27,Double,3,10126,INR,Pending
BKG51714,H114,Hyderabad,C1877,Karan Kulkarni,karan.kulkarni78@example.com,2026-10-27,2026-11-03,Deluxe,1,17368,INR,Completed
BKG51715,H104,Mumbai,C1256,Meera Jadhav,meera.jadhav92@example.com,2026-12-27,2027-01-02,Deluxe,2,22891,INR,Cancelled
BKG51716,H117,Chennai,C9397,Ananya More,ananya.more94@example.com,2026-11-02,2026-11-09,Suite,5,20408,INR,Cancelled
BKG51717,H102,Delhi,C6015,Meera Kale,meera.kale50@example.com,2026-12-01,2026-12-06,Double,4,5229,INR,Completed
BKG51718,H109,Chennai,C7175,Isha Nagre,isha.nagre39@example.com,2026-10-05,2026-10-12,Single,5,19509,INR,Pending
BKG51719,H105,Hyderabad,C4338,Aditya Kulkarni,aditya.kulkarni81@example.com,2026-12-23,2026-12-25,Suite,2,18887,INR,Cancelled
BKG51720,H105,Bengaluru,C2847,Sneha Patil,sneha.patil92@example.com,2026-12-24,2026-12-29,Suite,1,14641,INR,Cancelled
BKG51721,H117,Pune,C1809,Aditya Jadhav,aditya.jadhav83@example.com,2026-12-11,2026-12-13,Double,2,5769,INR,Confirmed
BKG51722,H108,Chennai,C3880,Aarav Nagre,aarav.nagre10@example.com,2026-10-03,2026-10-04,Suite,4,16020,INR,Confirmed
BKG51723,H117,Jaipur,C8879,Aarav Sharma,aarav.sharma59@example.com,2026-10-16,2026-10-17,Single,3,8004,INR,Completed
BKG51724,H102,Pune,C4855,Vivaan Kulkarni,vivaan.kulkarni80@example.com,2026-11-07,2026-11-10,Double,1,21121,INR,Completed
BKG51725,H118,Mumbai,C3266,Karan Pawar,karan.pawar34@example.com,2026-11-10,2026-11-13,Suite,5,12167,INR,Confirmed
BKG51726,H101,Chennai,C8489,Aarav Joshi,aarav.joshi61@example.com,2026-10-24,2026-10-25,Deluxe,3,12594,INR,Completed
BKG51727,H101,Mumbai,C1755,Vivaan Deshmukh,vivaan.deshmukh65@example.com,2026-11-25,2026-12-01,Suite,4,10603,INR,Confirmed
BKG51728,H112,Nashik,C5901,Aarav Pawar,aarav.pawar21@example.com,2026-12-30,2026-12-31,Double,3,1851,INR,Pending
BKG51729,H120,Hyderabad,C5406,Vivaan Pawar,vivaan.pawar89@example.com,2026-11-30,2026-12-01,Single,3,20205,INR,Completed
BKG51730,H107,Nashik,C5821,Neha Jadhav,neha.jadhav80@example.com,2026-10-19,2026-10-23,Suite,2,14527,INR,Confirmed
BKG51731,H118,Nashik,C8102,Ananya Joshi,ananya.joshi81@example.com,2026-12-11,2026-12-16,Single,4,19138,INR,Confirmed
BKG51732,H112,Chennai,C8025,Arjun Sharma,arjun.sharma33@example.com,2026-11-16,2026-11-20,Single,5,16692,INR,Confirmed
BKG51733,H108,Bengaluru,C3073,Meera Kale,meera.kale12@example.com,2026-10-12,2026-10-14,Suite,3,16694,INR,Completed
BKG51734,H103,Jaipur,C1096,Aarav Kulkarni,aarav.kulkarni83@example.com,2026-11-17,2026-11-19,Single,4,13636,INR,Pending
BKG51735,H116,Chennai,C8487,Vivaan More,vivaan.more47@example.com,2026-12-30,2026-12-31,Double,4,11525,INR,Cancelled
BKG51736,H118,Delhi,C3371,Vivaan Patil,vivaan.patil45@example.com,2026-10-12,2026-10-17,Suite,2,16078,INR,Cancelled
BKG51737,H120,Delhi,C8824,Aditya Nagre,aditya.nagre52@example.com,2026-12-05,2026-12-10,Single,4,3549,INR,Pending
BKG51738,H104,Chennai,C6679,Karan Nagre,karan.nagre97@example.com,2026-11-07,2026-11-10,Suite,1,12251,INR,Cancelled
BKG51739,H105,Pune,C3070,Aarav Kale,aarav.kale56@example.com,2026-12-03,2026-12-10,Single,5,2391,INR,Confirmed
BKG51740,H108,Bengaluru,C6607,Isha Pawar,isha.pawar62@example.com,2026-11-05,2026-11-06,Suite,2,8722,INR,Pending
BKG51741,H117,Mumbai,C3670,Priya Nagre,priya.nagre81@example.com,2026-12-18,2026-12-21,Deluxe,1,3714,INR,Completed
BKG51742,H106,Bengaluru,C3637,Ananya Jadhav,ananya.jadhav98@example.com,2026-11-03,2026-11-09,Suite,2,4752,INR,Completed
BKG51743,H118,Pune,C7114,Vivaan Pawar,vivaan.pawar10@example.com,2026-12-01,2026-12-02,Single,3,20230,INR,Confirmed
BKG51744,H112,Mumbai,C1017,Vivaan Kale,vivaan.kale88@example.com,2026-10-23,2026-10-30,Suite,1,23326,INR,Pending
BKG51745,H103,Bengaluru,C1715,Aditya Pawar,aditya.pawar56@example.com,2026-10-30,2026-11-06,Suite,1,20461,INR,Cancelled
BKG51746,H115,Delhi,C2162,Aarav Sharma,aarav.sharma65@example.com,2026-12-15,2026-12-18,Single,1,17655,INR,Confirmed
BKG51747,H110,Nashik,C6362,Ananya Kale,ananya.kale99@example.com,2026-11-07,2026-11-09,Double,5,18901,INR,Completed
BKG51748,H119,Mumbai,C4496,Sneha Jadhav,sneha.jadhav62@example.com,2026-11-14,2026-11-16,Deluxe,3,17273,INR,Completed
BKG51749,H120,Hyderabad,C9433,Meera Patil,meera.patil28@example.com,2026-11-30,2026-12-02,Deluxe,5,4508,INR,Confirmed
BKG51750,H111,Bengaluru,C1744,Aarav Kulkarni,aarav.kulkarni29@example.com,2026-11-15,2026-11-22,Suite,2,24233,INR,Confirmed
BKG51751,H107,Chennai,C6898,Priya Kulkarni,priya.kulkarni66@example.com,2026-11-02,2026-11-07,Double,3,6760,INR,Confirmed
BKG51752,H118,Hyderabad,C8134,Neha Kulkarni,neha.kulkarni14@example.com,2026-11-24,2026-11-28,Double,5,19755,INR,Pending
BKG51753,H117,Delhi,C4199,Karan Jadhav,karan.jadhav80@example.com,2026-11-08,2026-11-10,Deluxe,2,14337,INR,Completed
BKG51754,H102,Pune,C6421,Aditya Jadhav,aditya.jadhav52@example.com,2026-10-07,2026-10-11,Suite,3,24891,INR,Completed
BKG51755,H120,Bengaluru,C6498,Arjun More,arjun.more55@example.com,2026-10-11,2026-10-14,Suite,2,8549,INR,Confirmed
BKG51756,H118,Mumbai,C6461,Sneha Sharma,sneha.sharma51@example.com,2026-10-14,2026-10-15,Suite,3,2702,INR,Cancelled
BKG51757,H104,Delhi,C8581,Vivaan Patil,vivaan.patil74@example.com,2026-11-19,2026-11-20,Single,2,12565,INR,Completed
BKG51758,H102,Hyderabad,C3903,Isha Pawar,isha.pawar31@example.com,2026-12-21,2026-12-22,Suite,5,13955,INR,Pending
BKG51759,H106,Jaipur,C1011,Karan Patil,karan.patil20@example.com,2026-12-25,2026-12-27,Double,4,12080,INR,Confirmed
BKG51760,H114,Jaipur,C1832,Aarav Nagre,aarav.nagre20@example.com,2026-11-10,2026-11-11,Deluxe,2,7799,INR,Pending
BKG51761,H111,Hyderabad,C1525,Priya Kale,priya.kale66@example.com,2026-11-06,2026-11-07,Suite,1,16314,INR,Cancelled
BKG51762,H118,Mumbai,C1812,Priya Kale,priya.kale55@example.com,2026-12-30,2027-01-05,Deluxe,1,9356,INR,Confirmed
BKG51763,H110,Jaipur,C4543,Aarav Pawar,aarav.pawar48@example.com,2026-10-02,2026-10-04,Single,1,10890,INR,Cancelled
BKG51764,H114,Delhi,C1748,Aarav Joshi,aarav.joshi74@example.com,2026-12-18,2026-12-24,Deluxe,1,4159,INR,Confirmed
BKG51765,H120,Jaipur,C3856,Rohan Deshmukh,rohan.deshmukh79@example.com,2026-11-15,2026-11-18,Double,3,24279,INR,Cancelled
BKG51766,H113,Pune,C2158,Aarav Deshmukh,aarav.deshmukh14@example.com,2026-10-08,2026-10-12,Suite,5,20727,INR,Confirmed
BKG51767,H114,Delhi,C9971,Neha Kale,neha.kale17@example.com,2026-10-10,2026-10-15,Suite,4,17446,INR,Confirmed
BKG51768,H116,Hyderabad,C9208,Meera Joshi,meera.joshi44@example.com,2026-12-28,2027-01-03,Double,2,23499,INR,Pending
BKG51769,H112,Bengaluru,C4687,Karan Kale,karan.kale12@example.com,2026-10-01,2026-10-05,Suite,4,14152,INR,Pending
BKG51770,H107,Hyderabad,C3633,Arjun Sharma,arjun.sharma91@example.com,2026-11-14,2026-11-21,Single,1,17962,INR,Completed
BKG51771,H105,Bengaluru,C7409,Arjun Kulkarni,arjun.kulkarni33@example.com,2026-11-06,2026-11-07,Suite,5,10148,INR,Confirmed
BKG51772,H119,Pune,C3449,Isha Nagre,isha.nagre38@example.com,2026-10-29,2026-11-01,Deluxe,1,4085,INR,Confirmed
BKG51773,H114,Hyderabad,C1761,Sneha Sharma,sneha.sharma55@example.com,2026-11-01,2026-11-02,Suite,5,10099,INR,Confirmed
BKG51774,H103,Delhi,C7292,Aditya Patil,aditya.patil60@example.com,2026-11-26,2026-11-28,Double,5,2012,INR,Pending
BKG51775,H119,Chennai,C9898,Priya Deshmukh,priya.deshmukh67@example.com,2026-11-11,2026-11-18,Double,1,7403,INR,Pending
BKG51776,H102,Bengaluru,C4784,Aditya Pawar,aditya.pawar40@example.com,2026-11-23,2026-11-29,Double,1,24548,INR,Completed
BKG51777,H117,Bengaluru,C4057,Arjun Deshmukh,arjun.deshmukh19@example.com,2026-11-02,2026-11-06,Suite,1,24570,INR,Confirmed
BKG51778,H103,Chennai,C6641,Priya Patil,priya.patil30@example.com,2026-10-29,2026-11-04,Single,2,7994,INR,Cancelled
BKG51779,H106,Nashik,C2107,Vivaan Kale,vivaan.kale55@example.com,2026-12-07,2026-12-14,Single,5,20571,INR,Confirmed
BKG51780,H119,Hyderabad,C2548,Isha Deshmukh,isha.deshmukh65@example.com,2026-10-14,2026-10-21,Single,5,16104,INR,Pending
BKG51781,H118,Mumbai,C2337,Arjun Jadhav,arjun.jadhav85@example.com,2026-11-10,2026-11-15,Suite,4,7287,INR,Completed
BKG51782,H102,Chennai,C1825,Ananya Jadhav,ananya.jadhav53@example.com,2026-10-31,2026-11-04,Double,1,19740,INR,Cancelled
BKG51783,H116,Mumbai,C3825,Ananya Kale,ananya.kale75@example.com,2026-11-05,2026-11-08,Deluxe,1,23340,INR,Cancelled
BKG51784,H106,Bengaluru,C1020,Aditya More,aditya.more16@example.com,2026-10-23,2026-10-28,Double,5,11451,INR,Cancelled
BKG51785,H102,Hyderabad,C5129,Aditya Nagre,aditya.nagre21@example.com,2026-11-05,2026-11-08,Suite,3,23257,INR,Cancelled
BKG51786,H104,Bengaluru,C2082,Meera Jadhav,meera.jadhav63@example.com,2026-11-16,2026-11-21,Double,1,23857,INR,Confirmed
BKG51787,H107,Nashik,C1831,Aditya Sharma,aditya.sharma45@example.com,2026-12-29,2026-12-31,Double,2,6078,INR,Completed
BKG51788,H104,Chennai,C4993,Arjun Nagre,arjun.nagre57@example.com,2026-10-25,2026-10-26,Double,5,4865,INR,Pending
BKG51789,H109,Hyderabad,C7486,Aarav Pawar,aarav.pawar35@example.com,2026-10-01,2026-10-07,Single,3,21292,INR,Completed
BKG51790,H112,Pune,C7519,Priya More,priya.more84@example.com,2026-10-13,2026-10-18,Double,2,4127,INR,Cancelled
BKG51791,H114,Hyderabad,C2213,Sneha Patil,sneha.patil70@example.com,2026-11-08,2026-11-12,Single,2,20872,INR,Confirmed
BKG51792,H108,Bengaluru,C9868,Aarav Kulkarni,aarav.kulkarni45@example.com,2026-10-09,2026-10-14,Suite,4,7115,INR,Confirmed
BKG51793,H114,Jaipur,C8977,Rohan Patil,rohan.patil11@example.com,2026-12-04,2026-12-05,Deluxe,4,20057,INR,Completed
BKG51794,H102,Chennai,C7278,Neha More,neha.more39@example.com,2026-12-29,2027-01-02,Double,1,20488,INR,Pending
BKG51795,H110,Chennai,C5702,Arjun Sharma,arjun.sharma42@example.com,2026-11-08,2026-11-14,Single,4,15938,INR,Cancelled
BKG51796,H120,Chennai,C4090,Isha Kulkarni,isha.kulkarni38@example.com,2026-12-12,2026-12-16,Deluxe,1,11705,INR,Cancelled
BKG51797,H105,Bengaluru,C3768,Priya Joshi,priya.joshi59@example.com,2026-10-18,2026-10-22,Single,1,11483,INR,Pending
BKG51798,H105,Bengaluru,C6629,Rohan Pawar,rohan.pawar93@example.com,2026-12-11,2026-12-17,Deluxe,3,23869,INR,Confirmed
BKG51799,H117,Bengaluru,C1644,Isha Jadhav,isha.jadhav78@example.com,2026-12-03,2026-12-08,Single,5,15155,INR,Cancelled
BKG51800,H103,Delhi,C7231,Meera Kulkarni,meera.kulkarni43@example.com,2026-10-29,2026-10-31,Deluxe,2,6190,INR,Completed
BKG51801,H102,Pune,C6975,Aditya Deshmukh,aditya.deshmukh78@example.com,2026-10-31,2026-11-02,Double,3,8429,INR,Cancelled
BKG51802,H112,Nashik,C9668,Vivaan Patil,vivaan.patil73@example.com,2026-11-21,2026-11-22,Deluxe,3,13917,INR,Completed
BKG51803,H109,Jaipur,C9182,Meera Kale,meera.kale52@example.com,2026-11-28,2026-12-02,Deluxe,3,8332,INR,Cancelled
BKG51804,H119,Hyderabad,C8737,Neha Deshmukh,neha.deshmukh44@example.com,2026-11-20,2026-11-24,Suite,1,15919,INR,Pending
BKG51805,H106,Delhi,C6624,Aditya Patil,aditya.patil46@example.com,2026-11-17,2026-11-18,Single,5,12680,INR,Confirmed
BKG51806,H113,Nashik,C3337,Arjun Nagre,arjun.nagre51@example.com,2026-11-17,2026-11-22,Suite,4,11698,INR,Cancelled
BKG51807,H101,Delhi,C8426,Vivaan Joshi,vivaan.joshi45@example.com,2026-10-18,2026-10-20,Deluxe,5,5688,INR,Cancelled
BKG51808,H110,Chennai,C1863,Neha Patil,neha.patil95@example.com,2026-11-03,2026-11-09,Double,2,6958,INR,Confirmed
BKG51809,H110,Nashik,C4498,Karan Deshmukh,karan.deshmukh17@example.com,2026-11-27,2026-12-02,Suite,2,23354,INR,Cancelled
BKG51810,H101,Jaipur,C9752,Vivaan Sharma,vivaan.sharma92@example.com,2026-12-27,2027-01-02,Single,4,19194,INR,Cancelled
BKG51811,H103,Hyderabad,C7036,Aditya Patil,aditya.patil80@example.com,2026-11-27,2026-11-28,Deluxe,3,6925,INR,Pending
BKG51812,H106,Mumbai,C8094,Isha Kulkarni,isha.kulkarni74@example.com,2026-11-28,2026-12-01,Deluxe,4,3392,INR,Completed
BKG51813,H101,Nashik,C9668,Rohan Nagre,rohan.nagre62@example.com,2026-11-13,2026-11-19,Double,2,16372,INR,Completed
BKG51814,H114,Pune,C7559,Aditya Kale,aditya.kale97@example.com,2026-11-11,2026-11-15,Double,2,17136,INR,Confirmed
BKG51815,H102,Jaipur,C6851,Karan Sharma,karan.sharma29@example.com,2026-11-26,2026-12-01,Single,1,13841,INR,Confirmed
BKG51816,H105,Bengaluru,C8928,Aarav Sharma,aarav.sharma97@example.com,2026-10-23,2026-10-29,Double,1,11931,INR,Pending
BKG51817,H104,Mumbai,C7971,Priya Joshi,priya.joshi13@example.com,2026-12-17,2026-12-20,Double,5,24485,INR,Cancelled
BKG51818,H103,Jaipur,C9100,Neha Jadhav,neha.jadhav31@example.com,2026-10-05,2026-10-07,Single,2,14189,INR,Pending
BKG51819,H117,Nashik,C7403,Meera Nagre,meera.nagre32@example.com,2026-10-04,2026-10-09,Double,5,22482,INR,Cancelled
BKG51820,H112,Bengaluru,C6772,Arjun Nagre,arjun.nagre94@example.com,2026-12-27,2026-12-29,Double,2,7337,INR,Completed
BKG51821,H107,Nashik,C9556,Rohan Kale,rohan.kale87@example.com,2026-12-17,2026-12-19,Single,3,13714,INR,Cancelled
BKG51822,H105,Chennai,C4714,Arjun Joshi,arjun.joshi64@example.com,2026-11-24,2026-11-25,Deluxe,1,17185,INR,Confirmed
BKG51823,H115,Bengaluru,C1747,Aarav Jadhav,aarav.jadhav75@example.com,2026-10-24,2026-10-28,Suite,1,18369,INR,Cancelled
BKG51824,H104,Hyderabad,C1232,Neha Sharma,neha.sharma72@example.com,2026-10-16,2026-10-18,Suite,1,13407,INR,Cancelled
BKG51825,H116,Hyderabad,C8123,Meera Patil,meera.patil43@example.com,2026-12-08,2026-12-15,Deluxe,4,17478,INR,Pending
BKG51826,H105,Pune,C3379,Priya Kulkarni,priya.kulkarni36@example.com,2026-10-28,2026-11-03,Double,2,7088,INR,Confirmed
BKG51827,H109,Jaipur,C3523,Sneha Kulkarni,sneha.kulkarni54@example.com,2026-12-11,2026-12-17,Double,2,7653,INR,Completed
BKG51828,H106,Nashik,C6531,Aarav Pawar,aarav.pawar37@example.com,2026-11-17,2026-11-23,Single,4,9737,INR,Cancelled
BKG51829,H118,Hyderabad,C1909,Vivaan Patil,vivaan.patil44@example.com,2026-11-20,2026-11-26,Suite,3,5225,INR,Confirmed
BKG51830,H108,Mumbai,C5996,Priya Deshmukh,priya.deshmukh25@example.com,2026-12-23,2026-12-28,Deluxe,2,2244,INR,Cancelled
BKG51831,H113,Nashik,C1940,Neha Nagre,neha.nagre75@example.com,2026-11-06,2026-11-12,Suite,2,20507,INR,Pending
BKG51832,H111,Mumbai,C5536,Neha Patil,neha.patil70@example.com,2026-10-06,2026-10-09,Deluxe,3,20434,INR,Cancelled
BKG51833,H112,Jaipur,C2417,Isha Patil,isha.patil64@example.com,2026-11-04,2026-11-05,Single,5,23860,INR,Pending
BKG51834,H101,Nashik,C2497,Neha Kulkarni,neha.kulkarni83@example.com,2026-11-18,2026-11-23,Double,5,12319,INR,Completed
BKG51835,H102,Bengaluru,C8818,Arjun Nagre,arjun.nagre10@example.com,2026-10-18,2026-10-19,Deluxe,2,16040,INR,Confirmed
BKG51836,H116,Hyderabad,C2575,Vivaan Kale,vivaan.kale27@example.com,2026-12-24,2026-12-25,Double,3,4201,INR,Cancelled
BKG51837,H120,Nashik,C7612,Meera Pawar,meera.pawar69@example.com,2026-12-08,2026-12-13,Suite,4,2990,INR,Cancelled
BKG51838,H114,Chennai,C9038,Vivaan Nagre,vivaan.nagre71@example.com,2026-10-30,2026-10-31,Double,2,16147,INR,Confirmed
BKG51839,H119,Hyderabad,C9691,Priya Deshmukh,priya.deshmukh78@example.com,2026-12-19,2026-12-23,Suite,3,9573,INR,Pending
BKG51840,H120,Jaipur,C2503,Rohan Patil,rohan.patil90@example.com,2026-11-18,2026-11-21,Deluxe,2,2811,INR,Cancelled
BKG51841,H105,Jaipur,C1749,Rohan Patil,rohan.patil30@example.com,2026-10-16,2026-10-21,Single,3,2570,INR,Completed
BKG51842,H110,Chennai,C8473,Neha Kulkarni,neha.kulkarni46@example.com,2026-12-01,2026-12-02,Single,1,6396,INR,Completed
BKG51843,H110,Nashik,C9926,Neha Kulkarni,neha.kulkarni95@example.com,2026-11-25,2026-11-29,Suite,3,20556,INR,Completed
BKG51844,H114,Pune,C4299,Karan Patil,karan.patil59@example.com,2026-11-14,2026-11-18,Single,3,12633,INR,Confirmed
BKG51845,H112,Chennai,C6157,Neha Joshi,neha.joshi99@example.com,2026-10-29,2026-11-02,Double,1,21095,INR,Pending
BKG51846,H120,Jaipur,C4056,Sneha Pawar,sneha.pawar69@example.com,2026-11-26,2026-11-27,Single,5,23101,INR,Cancelled
BKG51847,H108,Pune,C6261,Sneha Pawar,sneha.pawar36@example.com,2026-10-07,2026-10-13,Deluxe,5,17068,INR,Cancelled
BKG51848,H104,Delhi,C3647,Arjun Deshmukh,arjun.deshmukh77@example.com,2026-10-21,2026-10-25,Suite,2,15777,INR,Cancelled
BKG51849,H120,Jaipur,C5752,Vivaan Deshmukh,vivaan.deshmukh77@example.com,2026-12-19,2026-12-26,Deluxe,5,14693,INR,Pending
BKG51850,H108,Delhi,C5892,Neha Pawar,neha.pawar52@example.com,2026-11-03,2026-11-10,Deluxe,2,11872,INR,Confirmed
BKG51851,H104,Delhi,C7481,Karan Kale,karan.kale82@example.com,2026-12-17,2026-12-22,Double,5,9744,INR,Pending
BKG51852,H110,Bengaluru,C4710,Sneha More,sneha.more83@example.com,2026-11-04,2026-11-08,Deluxe,1,19030,INR,Cancelled
BKG51853,H119,Delhi,C6378,Rohan Sharma,rohan.sharma74@example.com,2026-11-23,2026-11-25,Suite,2,20661,INR,Confirmed
BKG51854,H104,Nashik,C1131,Rohan Nagre,rohan.nagre83@example.com,2026-11-27,2026-11-29,Single,2,5573,INR,Confirmed
BKG51855,H110,Nashik,C9497,Priya Deshmukh,priya.deshmukh54@example.com,2026-10-25,2026-10-28,Suite,3,12832,INR,Cancelled
BKG51856,H108,Mumbai,C1167,Aditya Sharma,aditya.sharma15@example.com,2026-11-08,2026-11-11,Suite,3,14301,INR,Cancelled
BKG51857,H108,Mumbai,C1895,Meera Kale,meera.kale13@example.com,2026-10-19,2026-10-25,Deluxe,1,6268,INR,Cancelled
BKG51858,H111,Jaipur,C7447,Meera More,meera.more55@example.com,2026-12-07,2026-12-13,Suite,2,12638,INR,Completed
BKG51859,H114,Jaipur,C2293,Aarav Jadhav,aarav.jadhav83@example.com,2026-12-18,2026-12-20,Single,3,24928,INR,Pending
BKG51860,H111,Jaipur,C7498,Rohan Kulkarni,rohan.kulkarni59@example.com,2026-10-29,2026-10-30,Single,2,19561,INR,Confirmed
BKG51861,H106,Hyderabad,C4122,Rohan Kulkarni,rohan.kulkarni62@example.com,2026-10-21,2026-10-27,Double,1,9948,INR,Pending
BKG51862,H106,Hyderabad,C5344,Priya Kulkarni,priya.kulkarni62@example.com,2026-10-27,2026-11-02,Single,1,11671,INR,Completed
BKG51863,H114,Pune,C9265,Meera Kale,meera.kale98@example.com,2026-12-26,2027-01-02,Suite,5,2718,INR,Pending
BKG51864,H119,Nashik,C5598,Meera Nagre,meera.nagre58@example.com,2026-12-14,2026-12-15,Double,1,22988,INR,Completed
BKG51865,H115,Bengaluru,C5318,Karan Patil,karan.patil34@example.com,2026-10-05,2026-10-08,Double,3,3715,INR,Cancelled
BKG51866,H102,Jaipur,C3677,Ananya Deshmukh,ananya.deshmukh30@example.com,2026-12-11,2026-12-16,Deluxe,4,14607,INR,Cancelled
BKG51867,H106,Pune,C4260,Priya Deshmukh,priya.deshmukh35@example.com,2026-10-18,2026-10-23,Double,5,9460,INR,Cancelled
BKG51868,H111,Pune,C7575,Aarav Nagre,aarav.nagre83@example.com,2026-10-14,2026-10-16,Double,1,9327,INR,Cancelled
BKG51869,H114,Jaipur,C8676,Rohan Kulkarni,rohan.kulkarni66@example.com,2026-10-09,2026-10-15,Single,4,16751,INR,Confirmed
BKG51870,H105,Bengaluru,C8838,Priya Pawar,priya.pawar88@example.com,2026-12-18,2026-12-21,Deluxe,2,3656,INR,Pending
BKG51871,H107,Hyderabad,C1919,Isha Deshmukh,isha.deshmukh20@example.com,2026-10-23,2026-10-25,Deluxe,4,7391,INR,Confirmed
BKG51872,H105,Pune,C1765,Rohan Kulkarni,rohan.kulkarni26@example.com,2026-12-09,2026-12-12,Suite,1,20855,INR,Confirmed
BKG51873,H106,Delhi,C3170,Priya Nagre,priya.nagre47@example.com,2026-10-07,2026-10-10,Single,4,15352,INR,Completed
BKG51874,H116,Bengaluru,C9114,Meera Patil,meera.patil51@example.com,2026-11-03,2026-11-07,Single,5,21484,INR,Pending
BKG51875,H112,Nashik,C9874,Aarav Pawar,aarav.pawar39@example.com,2026-12-08,2026-12-15,Suite,2,24004,INR,Cancelled
BKG51876,H103,Jaipur,C3948,Arjun Jadhav,arjun.jadhav29@example.com,2026-11-10,2026-11-15,Single,5,24347,INR,Completed
BKG51877,H110,Hyderabad,C5174,Neha Jadhav,neha.jadhav74@example.com,2026-10-19,2026-10-21,Suite,2,22352,INR,Completed
BKG51878,H106,Nashik,C2634,Sneha Patil,sneha.patil26@example.com,2026-10-11,2026-10-12,Single,1,19197,INR,Confirmed
BKG51879,H118,Nashik,C7815,Rohan Deshmukh,rohan.deshmukh88@example.com,2026-10-07,2026-10-13,Single,4,3421,INR,Pending
BKG51880,H108,Jaipur,C3475,Meera Sharma,meera.sharma55@example.com,2026-10-14,2026-10-19,Deluxe,3,7639,INR,Confirmed
BKG51881,H106,Nashik,C3876,Priya Patil,priya.patil28@example.com,2026-12-03,2026-12-07,Deluxe,2,9019,INR,Cancelled
BKG51882,H112,Jaipur,C5740,Aditya Sharma,aditya.sharma29@example.com,2026-10-19,2026-10-20,Suite,2,14149,INR,Pending
BKG51883,H107,Delhi,C4200,Sneha Pawar,sneha.pawar10@example.com,2026-12-28,2027-01-02,Double,2,11299,INR,Pending
BKG51884,H110,Nashik,C9229,Priya Sharma,priya.sharma76@example.com,2026-12-03,2026-12-08,Deluxe,1,10678,INR,Confirmed
BKG51885,H112,Hyderabad,C7186,Aditya Sharma,aditya.sharma74@example.com,2026-12-27,2026-12-30,Single,5,12063,INR,Completed
BKG51886,H120,Jaipur,C3977,Priya Kulkarni,priya.kulkarni60@example.com,2026-11-24,2026-11-30,Double,2,21386,INR,Completed
BKG51887,H106,Bengaluru,C8412,Rohan Kulkarni,rohan.kulkarni73@example.com,2026-11-30,2026-12-03,Double,2,13553,INR,Confirmed
BKG51888,H113,Jaipur,C6723,Neha Patil,neha.patil79@example.com,2026-10-11,2026-10-13,Double,1,23234,INR,Cancelled
BKG51889,H110,Bengaluru,C2918,Aditya Kale,aditya.kale19@example.com,2026-11-11,2026-11-18,Suite,2,3177,INR,Pending
BKG51890,H113,Delhi,C4811,Arjun Kale,arjun.kale65@example.com,2026-11-01,2026-11-05,Double,4,7447,INR,Cancelled
BKG51891,H113,Mumbai,C2246,Aarav Pawar,aarav.pawar52@example.com,2026-12-24,2026-12-27,Single,5,12929,INR,Cancelled
BKG51892,H108,Mumbai,C9820,Rohan Patil,rohan.patil15@example.com,2026-10-06,2026-10-09,Double,2,3904,INR,Cancelled
BKG51893,H106,Bengaluru,C2250,Aditya Patil,aditya.patil57@example.com,2026-11-07,2026-11-12,Single,3,19439,INR,Completed
BKG51894,H118,Jaipur,C9184,Ananya Pawar,ananya.pawar61@example.com,2026-11-08,2026-11-09,Single,5,5395,INR,Pending
BKG51895,H102,Chennai,C7381,Ananya Jadhav,ananya.jadhav49@example.com,2026-11-09,2026-11-16,Double,1,3195,INR,Cancelled
BKG51896,H116,Jaipur,C8246,Sneha Jadhav,sneha.jadhav91@example.com,2026-12-07,2026-12-11,Double,3,18864,INR,Completed
BKG51897,H110,Delhi,C7543,Isha Pawar,isha.pawar49@example.com,2026-10-16,2026-10-21,Suite,2,8933,INR,Cancelled
BKG51898,H105,Delhi,C8146,Vivaan Kale,vivaan.kale28@example.com,2026-10-23,2026-10-24,Double,2,2360,INR,Confirmed
BKG51899,H106,Mumbai,C5145,Aarav Kulkarni,aarav.kulkarni78@example.com,2026-10-28,2026-11-04,Single,3,17712,INR,Confirmed
BKG51900,H115,Mumbai,C3514,Priya Kale,priya.kale62@example.com,2026-12-15,2026-12-20,Deluxe,5,24431,INR,Cancelled
BKG51901,H104,Bengaluru,C1327,Ananya Joshi,ananya.joshi17@example.com,2026-10-29,2026-11-02,Suite,4,2486,INR,Confirmed
BKG51902,H112,Hyderabad,C4223,Aarav Sharma,aarav.sharma30@example.com,2026-12-09,2026-12-12,Double,5,14777,INR,Confirmed
BKG51903,H102,Jaipur,C6352,Aarav Deshmukh,aarav.deshmukh32@example.com,2026-11-04,2026-11-06,Double,5,1862,INR,Cancelled
BKG51904,H106,Chennai,C2024,Neha Kale,neha.kale17@example.com,2026-11-27,2026-12-01,Suite,2,16787,INR,Cancelled
BKG51905,H118,Chennai,C4389,Rohan Nagre,rohan.nagre74@example.com,2026-12-18,2026-12-22,Double,2,17648,INR,Confirmed
BKG51906,H104,Chennai,C9886,Ananya Deshmukh,ananya.deshmukh61@example.com,2026-10-23,2026-10-27,Suite,1,9920,INR,Pending
BKG51907,H103,Bengaluru,C4111,Vivaan Sharma,vivaan.sharma29@example.com,2026-12-24,2026-12-29,Double,2,9192,INR,Confirmed
BKG51908,H117,Jaipur,C4667,Isha Jadhav,isha.jadhav54@example.com,2026-10-24,2026-10-28,Single,5,17426,INR,Confirmed
BKG51909,H116,Bengaluru,C7319,Neha More,neha.more22@example.com,2026-12-23,2026-12-24,Suite,3,20871,INR,Confirmed
BKG51910,H117,Nashik,C2646,Isha Jadhav,isha.jadhav93@example.com,2026-11-04,2026-11-06,Single,5,5975,INR,Completed
BKG51911,H115,Hyderabad,C9244,Neha Patil,neha.patil98@example.com,2026-10-15,2026-10-18,Suite,5,19273,INR,Pending
BKG51912,H106,Chennai,C1273,Arjun More,arjun.more29@example.com,2026-12-29,2027-01-02,Suite,3,24604,INR,Completed
BKG51913,H112,Bengaluru,C2544,Aditya Kale,aditya.kale27@example.com,2026-11-11,2026-11-15,Double,3,22009,INR,Pending
BKG51914,H120,Bengaluru,C5471,Arjun Joshi,arjun.joshi95@example.com,2026-11-25,2026-12-01,Single,4,11560,INR,Confirmed
BKG51915,H116,Chennai,C3339,Priya Kulkarni,priya.kulkarni89@example.com,2026-11-22,2026-11-26,Deluxe,1,16148,INR,Completed
BKG51916,H101,Jaipur,C8493,Aarav Jadhav,aarav.jadhav49@example.com,2026-12-27,2027-01-02,Suite,3,20122,INR,Pending
BKG51917,H103,Nashik,C9341,Neha Kulkarni,neha.kulkarni34@example.com,2026-12-17,2026-12-24,Deluxe,1,15266,INR,Cancelled
BKG51918,H117,Pune,C6626,Karan More,karan.more36@example.com,2026-11-21,2026-11-27,Single,4,11399,INR,Pending
BKG51919,H101,Bengaluru,C3731,Karan Deshmukh,karan.deshmukh94@example.com,2026-12-21,2026-12-26,Suite,1,12504,INR,Confirmed
BKG51920,H113,Pune,C3287,Aarav Nagre,aarav.nagre68@example.com,2026-10-06,2026-10-10,Suite,3,19916,INR,Confirmed
BKG51921,H109,Hyderabad,C9760,Ananya Nagre,ananya.nagre42@example.com,2026-11-15,2026-11-20,Single,2,1817,INR,Confirmed
BKG51922,H110,Jaipur,C9862,Arjun More,arjun.more80@example.com,2026-10-31,2026-11-05,Suite,3,5272,INR,Completed
BKG51923,H105,Jaipur,C8325,Rohan Sharma,rohan.sharma57@example.com,2026-10-02,2026-10-03,Single,2,3304,INR,Completed
BKG51924,H104,Mumbai,C6831,Isha Pawar,isha.pawar92@example.com,2026-10-27,2026-10-28,Deluxe,4,11393,INR,Pending
BKG51925,H115,Nashik,C9870,Sneha Joshi,sneha.joshi95@example.com,2026-11-07,2026-11-11,Suite,5,3496,INR,Confirmed
BKG51926,H117,Hyderabad,C8735,Isha Patil,isha.patil30@example.com,2026-11-23,2026-11-29,Single,1,5502,INR,Completed
BKG51927,H102,Pune,C4784,Arjun Patil,arjun.patil44@example.com,2026-11-07,2026-11-10,Deluxe,2,21508,INR,Completed
BKG51928,H111,Pune,C7914,Priya Kulkarni,priya.kulkarni81@example.com,2026-11-21,2026-11-28,Deluxe,2,11659,INR,Completed
BKG51929,H104,Jaipur,C6302,Aditya Nagre,aditya.nagre54@example.com,2026-12-18,2026-12-23,Suite,4,6286,INR,Completed
BKG51930,H106,Delhi,C3047,Aditya Nagre,aditya.nagre87@example.com,2026-10-02,2026-10-05,Double,2,22614,INR,Completed
BKG51931,H116,Hyderabad,C6035,Aarav Kulkarni,aarav.kulkarni71@example.com,2026-11-19,2026-11-22,Deluxe,3,14001,INR,Completed
BKG51932,H104,Bengaluru,C4798,Arjun Nagre,arjun.nagre78@example.com,2026-10-29,2026-11-01,Single,4,4481,INR,Pending
BKG51933,H107,Chennai,C2666,Arjun Deshmukh,arjun.deshmukh31@example.com,2026-12-29,2027-01-05,Single,1,9963,INR,Cancelled
BKG51934,H103,Bengaluru,C2114,Isha Nagre,isha.nagre70@example.com,2026-10-31,2026-11-07,Double,4,18008,INR,Completed
BKG51935,H118,Jaipur,C5037,Karan Jadhav,karan.jadhav89@example.com,2026-11-14,2026-11-19,Deluxe,3,19958,INR,Cancelled
BKG51936,H110,Mumbai,C3791,Aditya Kale,aditya.kale97@example.com,2026-11-14,2026-11-16,Deluxe,1,15106,INR,Pending
BKG51937,H120,Pune,C2377,Priya Deshmukh,priya.deshmukh67@example.com,2026-10-09,2026-10-10,Deluxe,1,19137,INR,Pending
BKG51938,H103,Jaipur,C5233,Karan Kale,karan.kale67@example.com,2026-11-28,2026-12-01,Deluxe,4,9347,INR,Cancelled
BKG51939,H110,Delhi,C8183,Arjun Nagre,arjun.nagre77@example.com,2026-11-07,2026-11-08,Suite,1,13478,INR,Completed
BKG51940,H110,Pune,C4329,Rohan Kulkarni,rohan.kulkarni14@example.com,2026-11-12,2026-11-14,Suite,5,19308,INR,Cancelled
BKG51941,H117,Bengaluru,C4568,Rohan Patil,rohan.patil63@example.com,2026-10-11,2026-10-18,Single,2,9652,INR,Completed
BKG51942,H116,Nashik,C9291,Aarav Jadhav,aarav.jadhav78@example.com,2026-10-23,2026-10-30,Single,3,7504,INR,Completed
BKG51943,H110,Mumbai,C8124,Rohan Sharma,rohan.sharma33@example.com,2026-11-10,2026-11-16,Single,3,7748,INR,Completed
BKG51944,H114,Pune,C6353,Meera Kulkarni,meera.kulkarni94@example.com,2026-10-28,2026-10-31,Double,4,18572,INR,Confirmed
BKG51945,H104,Chennai,C6837,Ananya Kale,ananya.kale64@example.com,2026-12-27,2026-12-31,Double,3,10949,INR,Completed
BKG51946,H115,Delhi,C7208,Vivaan More,vivaan.more30@example.com,2026-12-15,2026-12-22,Suite,5,3939,INR,Cancelled
BKG51947,H105,Pune,C5210,Rohan Pawar,rohan.pawar58@example.com,2026-12-20,2026-12-27,Suite,3,12988,INR,Confirmed
BKG51948,H104,Pune,C1791,Meera Sharma,meera.sharma78@example.com,2026-12-16,2026-12-21,Deluxe,4,9267,INR,Cancelled
BKG51949,H106,Delhi,C2560,Isha Deshmukh,isha.deshmukh20@example.com,2026-12-09,2026-12-14,Suite,5,11319,INR,Cancelled
BKG51950,H113,Nashik,C5538,Isha Kulkarni,isha.kulkarni75@example.com,2026-12-06,2026-12-09,Suite,5,13947,INR,Cancelled
BKG51951,H116,Mumbai,C6384,Ananya Deshmukh,ananya.deshmukh91@example.com,2026-12-30,2027-01-04,Deluxe,5,5942,INR,Confirmed
BKG51952,H103,Hyderabad,C8228,Aditya Nagre,aditya.nagre84@example.com,2026-11-29,2026-12-05,Single,2,11605,INR,Completed
BKG51953,H101,Delhi,C6377,Vivaan More,vivaan.more84@example.com,2026-12-07,2026-12-10,Deluxe,3,5040,INR,Cancelled
BKG51954,H106,Pune,C9571,Neha More,neha.more60@example.com,2026-12-06,2026-12-07,Single,2,8931,INR,Cancelled
BKG51955,H111,Nashik,C8118,Ananya Jadhav,ananya.jadhav78@example.com,2026-10-15,2026-10-22,Single,5,9853,INR,Confirmed
BKG51956,H119,Nashik,C1187,Karan Deshmukh,karan.deshmukh12@example.com,2026-12-19,2026-12-25,Double,1,16391,INR,Confirmed
BKG51957,H105,Jaipur,C7967,Arjun Deshmukh,arjun.deshmukh64@example.com,2026-12-14,2026-12-16,Double,3,4730,INR,Confirmed
BKG51958,H101,Mumbai,C6217,Meera More,meera.more34@example.com,2026-10-17,2026-10-23,Suite,1,5782,INR,Cancelled
BKG51959,H101,Jaipur,C5074,Sneha Patil,sneha.patil78@example.com,2026-10-17,2026-10-24,Suite,3,6204,INR,Pending
BKG51960,H114,Mumbai,C1693,Vivaan Joshi,vivaan.joshi83@example.com,2026-10-08,2026-10-14,Deluxe,5,5111,INR,Confirmed
BKG51961,H102,Mumbai,C3223,Karan Deshmukh,karan.deshmukh48@example.com,2026-10-28,2026-11-03,Suite,2,14922,INR,Pending
BKG51962,H116,Jaipur,C4370,Meera Jadhav,meera.jadhav58@example.com,2026-11-21,2026-11-23,Suite,1,8911,INR,Completed
BKG51963,H107,Jaipur,C6788,Sneha Joshi,sneha.joshi40@example.com,2026-12-19,2026-12-20,Single,3,19643,INR,Completed
BKG51964,H110,Hyderabad,C8379,Vivaan Deshmukh,vivaan.deshmukh95@example.com,2026-11-01,2026-11-02,Deluxe,4,14106,INR,Completed
BKG51965,H112,Pune,C6681,Sneha Nagre,sneha.nagre24@example.com,2026-10-13,2026-10-17,Deluxe,2,14674,INR,Cancelled
BKG51966,H116,Chennai,C8966,Ananya Joshi,ananya.joshi33@example.com,2026-11-28,2026-11-29,Double,5,21280,INR,Completed
BKG51967,H111,Delhi,C5086,Neha Sharma,neha.sharma47@example.com,2026-10-23,2026-10-28,Single,4,10152,INR,Confirmed
BKG51968,H103,Hyderabad,C1573,Meera Pawar,meera.pawar23@example.com,2026-12-19,2026-12-25,Suite,3,22594,INR,Pending
BKG51969,H114,Pune,C5352,Ananya Kulkarni,ananya.kulkarni15@example.com,2026-11-17,2026-11-18,Single,2,23730,INR,Cancelled
BKG51970,H101,Mumbai,C5327,Priya Joshi,priya.joshi28@example.com,2026-12-02,2026-12-06,Double,4,6201,INR,Pending
BKG51971,H109,Hyderabad,C8427,Isha Kulkarni,isha.kulkarni24@example.com,2026-12-07,2026-12-14,Double,5,12187,INR,Confirmed
BKG51972,H119,Pune,C1736,Sneha Pawar,sneha.pawar63@example.com,2026-12-03,2026-12-07,Deluxe,5,22335,INR,Cancelled
BKG51973,H118,Mumbai,C5559,Aditya Jadhav,aditya.jadhav88@example.com,2026-12-05,2026-12-09,Deluxe,3,13288,INR,Cancelled
BKG51974,H115,Chennai,C3225,Arjun Jadhav,arjun.jadhav72@example.com,2026-10-16,2026-10-20,Deluxe,2,2497,INR,Confirmed
BKG51975,H109,Hyderabad,C1576,Vivaan Pawar,vivaan.pawar35@example.com,2026-11-09,2026-11-11,Single,5,17968,INR,Completed
BKG51976,H117,Pune,C4645,Priya Deshmukh,priya.deshmukh39@example.com,2026-10-28,2026-11-01,Deluxe,4,16529,INR,Pending
BKG51977,H101,Chennai,C1205,Vivaan Joshi,vivaan.joshi89@example.com,2026-10-15,2026-10-18,Double,5,22670,INR,Confirmed
BKG51978,H105,Mumbai,C7487,Aditya Jadhav,aditya.jadhav27@example.com,2026-11-14,2026-11-17,Double,1,10384,INR,Cancelled
BKG51979,H120,Delhi,C1571,Rohan Patil,rohan.patil93@example.com,2026-11-15,2026-11-19,Suite,2,2039,INR,Pending
BKG51980,H102,Hyderabad,C9106,Vivaan Sharma,vivaan.sharma98@example.com,2026-12-15,2026-12-22,Deluxe,1,20314,INR,Cancelled
BKG51981,H108,Bengaluru,C2234,Karan Deshmukh,karan.deshmukh17@example.com,2026-12-19,2026-12-23,Deluxe,1,22584,INR,Cancelled
BKG51982,H115,Chennai,C1462,Karan Jadhav,karan.jadhav85@example.com,2026-12-11,2026-12-15,Double,4,10180,INR,Cancelled
BKG51983,H112,Pune,C2281,Aditya Nagre,aditya.nagre73@example.com,2026-11-08,2026-11-15,Double,2,11290,INR,Pending
BKG51984,H106,Delhi,C7869,Meera Joshi,meera.joshi22@example.com,2026-10-14,2026-10-19,Single,1,8105,INR,Completed
BKG51985,H104,Chennai,C7251,Ananya Pawar,ananya.pawar37@example.com,2026-10-07,2026-10-11,Single,2,19696,INR,Completed
BKG51986,H102,Chennai,C3482,Meera Nagre,meera.nagre14@example.com,2026-10-05,2026-10-10,Deluxe,2,14609,INR,Cancelled
BKG51987,H112,Nashik,C4221,Vivaan Kale,vivaan.kale62@example.com,2026-12-09,2026-12-14,Single,1,12907,INR,Completed
BKG51988,H101,Pune,C1982,Sneha Deshmukh,sneha.deshmukh22@example.com,2026-12-03,2026-12-05,Double,3,20251,INR,Confirmed
BKG51989,H120,Bengaluru,C8561,Priya Joshi,priya.joshi21@example.com,2026-10-25,2026-11-01,Single,4,7425,INR,Confirmed
BKG51990,H118,Chennai,C7237,Vivaan Joshi,vivaan.joshi82@example.com,2026-10-06,2026-10-12,Suite,1,23265,INR,Completed
BKG51991,H104,Nashik,C1409,Aditya Nagre,aditya.nagre42@example.com,2026-11-10,2026-11-17,Deluxe,4,5465,INR,Confirmed
BKG51992,H118,Chennai,C2121,Sneha Nagre,sneha.nagre70@example.com,2026-10-01,2026-10-05,Deluxe,3,9824,INR,Confirmed
BKG51993,H110,Chennai,C5803,Aditya Joshi,aditya.joshi26@example.com,2026-10-24,2026-10-27,Double,1,23031,INR,Confirmed
BKG51994,H106,Pune,C4518,Aditya Deshmukh,aditya.deshmukh85@example.com,2026-11-04,2026-11-11,Single,2,23568,INR,Pending
BKG51995,H116,Jaipur,C3954,Karan More,karan.more58@example.com,2026-12-18,2026-12-19,Double,2,15584,INR,Pending
BKG51996,H105,Pune,C8706,Vivaan Joshi,vivaan.joshi62@example.com,2026-10-11,2026-10-17,Suite,5,11633,INR,Cancelled
BKG51997,H112,Mumbai,C9849,Karan Deshmukh,karan.deshmukh54@example.com,2026-10-15,2026-10-19,Single,2,5265,INR,Confirmed
BKG51998,H119,Chennai,C2490,Arjun Jadhav,arjun.jadhav31@example.com,2026-11-25,2026-11-30,Suite,3,21678,INR,Pending
BKG51999,H114,Pune,C9417,Priya Jadhav,priya.jadhav96@example.com,2026-11-23,2026-11-25,Double,4,14231,INR,Confirmed
BKG52000,H109,Mumbai,C6112,Ananya Jadhav,ananya.jadhav68@example.com,2026-11-03,2026-11-04,Double,4,23340,INR,Confirmed
